{
  "paises": [
    {
      "nombre": "Argentina",
      "provincias": [
        {
          "nombre": "Buenos Aires",
          "ciudades": [
            "25 de Mayo",
            "30 de Agosto",
            "9 de Julio",
            "Adolfo Gonzales Chaves",
            "Alberti",
            "Alejandro Petión",
            "Almirante Brown",
            "América",
            "Arrecifes",
            "Arribeños",
            "Ascensión",
            "Avellaneda",
            "Ayacucho",
            "Azul",
            "Bahía Blanca",
            "Balcarce",
            "Baradero",
            "Batán",
            "Benito Juárez",
            "Berazategui",
            "Berisso",
            "Bragado",
            "Buenos Aires",
            "Cabildo",
            "Cacharí",
            "Campana",
            "Capilla del Señor",
            "Capitán Sarmiento",
            "Carhué",
            "Carlos Casares",
            "Carlos Tejedor",
            "Carmen de Areco",
            "Carmen de Patagones",
            "Casbas",
            "Castelli",
            "Cañuelas",
            "Chacabuco",
            "Chapadmalal",
            "Chascomús",
            "Chillar",
            "Chivilcoy",
            "Claromecó",
            "Colón",
            "Comandante Nicanor Otamendi",
            "Conesa",
            "Coronel Brandsen",
            "Coronel Dorrego",
            "Coronel Pringles",
            "Coronel Suárez",
            "Coronel Vidal",
            "Daireaux",
            "Darregueira",
            "Dolores",
            "Dudignac",
            "El Marquesado",
            "Ensenada",
            "Escobar",
            "Esteban Echeverría",
            "Ezeiza",
            "Ferré",
            "Florencio Varela",
            "Florentino Ameghino",
            "General Alvear",
            "General Arenales",
            "General Belgrano",
            "General Daniel Cerri",
            "General Juan Madariaga",
            "General La Madrid",
            "General Las Heras",
            "General Mansilla",
            "General O'Brien",
            "General Pinto",
            "General Pirán",
            "General Rodríguez",
            "General Rojo",
            "General San Martín",
            "General Villegas",
            "Gobernador Castro",
            "Guaminí",
            "Henderson",
            "Hilario Ascasubi",
            "Hinojo",
            "Huanguelén",
            "Hurlingham",
            "Ituzaingó",
            "Jeppener",
            "José C. Paz",
            "Juan Bautista Alberdi",
            "Juan José Paso",
            "Juan N. Fernández",
            "Junín",
            "La Emilia",
            "La Matanza",
            "La Plata",
            "Lanús",
            "Laprida",
            "Las Flores",
            "Las Toninas",
            "Leandro N. Alem",
            "Lezama",
            "Lima",
            "Lincoln",
            "Lobería",
            "Lobos",
            "Lomas de Zamora",
            "Los Cardales",
            "Los Toldos",
            "Luján",
            "Magdalena",
            "Maipú",
            "Malvinas Argentinas",
            "Mar de Ajó - San Bernardo",
            "Mar del Plata",
            "Marcos Paz",
            "Mayor Buratovich",
            "Mercedes",
            "Merlo",
            "Miramar",
            "Monte Hermoso",
            "Moquehuá",
            "Moreno",
            "Morón",
            "Máximo Paz",
            "Médanos",
            "Navarro",
            "Necochea - Quequén",
            "Nicanor Olivera",
            "Norberto de la Riestra",
            "Olavarría",
            "Orense",
            "Parada Robles - Pavón",
            "Pedro Luro",
            "Pehuajó",
            "Pellegrini",
            "Pergamino",
            "Piedritas",
            "Pigüé",
            "Pila",
            "Pilar",
            "Pinamar",
            "Presidente Perón",
            "Punta Alta",
            "Puán",
            "Pérez Millán",
            "Quilmes",
            "Ramallo",
            "Ranchos",
            "Rauch",
            "Rawson",
            "Rivera",
            "Roberts",
            "Rojas",
            "Roque Pérez",
            "Saavedra",
            "Saladillo",
            "Salliqueló",
            "Salto",
            "San Andrés de Giles",
            "San Antonio de Areco",
            "San Carlos de Bolívar",
            "San Cayetano",
            "San Clemente del Tuyú",
            "San Fernando",
            "San Isidro",
            "San José",
            "San Miguel",
            "San Miguel del Monte",
            "San Nicolás de los Arroyos",
            "San Pedro",
            "San Vicente",
            "Santa Clara del Mar",
            "Santa Lucía",
            "Santa Rosa",
            "Santa Teresita - Mar del Tuyú",
            "Sierra Chica",
            "Sierra de la Ventana",
            "Sierra de los Padres",
            "Sierras Bayas",
            "Suipacha",
            "Tandil",
            "Tapalqué",
            "Tigre",
            "Tornquist",
            "Torres",
            "Trenque Lauquen",
            "Tres Algarrobos",
            "Tres Arroyos",
            "Tres Lomas",
            "Tres de Febrero",
            "Urdampilleta",
            "Vedia",
            "Verónica",
            "Vicente López",
            "Villa Alfredo Fortabat",
            "Villa Cacique",
            "Villa Gesell",
            "Villa La Arcadia",
            "Villa Ramallo",
            "Villalonga",
            "Zárate"
          ]
        },
        {
          "nombre": "Catamarca",
          "ciudades": [
            "Andalgalá",
            "Belén",
            "Chumbicha",
            "Collagasta",
            "Fiambalá",
            "Huillapima",
            "Icaño",
            "Londres",
            "Los Altos",
            "Pomán",
            "Recreo",
            "San Fernando del Valle de Catamarca",
            "San Isidro",
            "San José",
            "Santa María",
            "Saujil",
            "Tinogasta"
          ]
        },
        {
          "nombre": "Chaco",
          "ciudades": [
            "Avia Terai",
            "Campo Largo",
            "Charata",
            "Colonia Benítez",
            "Colonia Elisa",
            "Colonias Unidas",
            "Concepción del Bermejo",
            "Coronel Du Graty",
            "Corzuela",
            "El Sauzalito",
            "Gancedo",
            "General José de San Martín",
            "General Pinedo",
            "Hermoso Campo",
            "Juan José Castelli",
            "La Clotilde",
            "La Leonesa",
            "La Tigra",
            "La Verde",
            "Las Breñas",
            "Las Garcitas",
            "Las Palmas",
            "Los Frentones",
            "Machagai",
            "Makallé",
            "Margarita Belén",
            "Miraflores",
            "Napenay",
            "Nueva Pompeya",
            "Pampa del Indio",
            "Pampa del Infierno",
            "Presidencia Roca",
            "Presidencia Roque Sáenz Peña",
            "Presidencia de la Plaza",
            "Puerto Tirol",
            "Quitilipi",
            "San Bernardo",
            "Santa Sylvina",
            "Taco Pozo",
            "Tres Isletas",
            "Villa Angela",
            "Villa Berthet"
          ]
        },
        {
          "nombre": "Chubut",
          "ciudades": [
            "Comodoro Rivadavia",
            "Dolavon",
            "El Maitén",
            "Esquel",
            "Gaiman",
            "Gobernador Costa",
            "Lago Puelo",
            "Playa Unión",
            "Puerto Madryn",
            "Rada Tilly",
            "Rawson",
            "Río Mayo",
            "Sarmiento",
            "Trelew",
            "Trevelín"
          ]
        },
        {
          "nombre": "Ciudad Autónoma de Buenos Aires",
          "ciudades": [
            "Ciudad Autónoma de Buenos Aires"
          ]
        },
        {
          "nombre": "Corrientes",
          "ciudades": [
            "9 de Julio",
            "Alvear",
            "Bella Vista",
            "Chavarría",
            "Concepción",
            "Corrientes",
            "Curuzú Cuatiá",
            "Empedrado",
            "Esquina",
            "Goya",
            "Itatí",
            "Itá Ibaté",
            "La Cruz",
            "Laguna Brava",
            "Lavalle",
            "Mburucuyá",
            "Mercedes",
            "Mocoretá",
            "Monte Caseros",
            "Nuestra Señora del Rosario de Caá Catí",
            "Paso de la Patria",
            "Paso de los Libres",
            "Perugorría",
            "Saladas",
            "San Carlos",
            "San Cosme",
            "San Lorenzo",
            "San Luis del Palmar",
            "San Miguel",
            "San Roque",
            "Santa Lucía",
            "Santa Rosa",
            "Sauce"
          ]
        },
        {
          "nombre": "Córdoba",
          "ciudades": [
            "Achiras",
            "Adelia María",
            "Agua de Oro",
            "Alcira Gigena",
            "Alejandro Roca",
            "Alejo Ledesma",
            "Alicia",
            "Almafuerte",
            "Anisacate",
            "Arias",
            "Arroyito",
            "Arroyo Cabral",
            "Ballesteros",
            "Balnearia",
            "Barrio Gilbert (1º de Mayo) - Tejas Tres",
            "Bell Ville",
            "Berrotarán",
            "Calchín",
            "Camilo Aldao",
            "Canteras El Sauce",
            "Capilla del Monte",
            "Casa Bamba",
            "Colonia Caroya",
            "Coronel Moldes",
            "Corral Quemado",
            "Cruz Alta",
            "Cruz del Eje",
            "Córdoba",
            "Del Campillo",
            "Despeñaderos",
            "Devoto",
            "Deán Funes",
            "El Manzano",
            "Elena",
            "Etruria",
            "Finca del Sol - San Francisco - Catalina Norte",
            "Freyre",
            "General Baldissera",
            "General Cabrera",
            "General Deheza",
            "General Levalle",
            "General Roca",
            "Guatimozín",
            "Hernando",
            "Huinca Renancó",
            "Inriville",
            "Isla Verde",
            "James Craik",
            "Jesús María",
            "Justiniano Posse",
            "La Calera",
            "La Carlota",
            "La Cumbre",
            "La Francia",
            "La Granja",
            "La Para",
            "La Playosa",
            "La Puerta",
            "La Rancherita",
            "La Serranita",
            "Laborde",
            "Laboulaye",
            "Laguna Larga",
            "Las Acequias",
            "Las Chacras",
            "Las Higueras",
            "Las Perdices",
            "Las Varillas",
            "Leones",
            "Los Cerrillos",
            "Los Cocos",
            "Los Cóndores",
            "Los Molles",
            "Los Surgentes",
            "Luque",
            "Malvinas Argentinas",
            "Marcos Juárez",
            "Mendiolaza",
            "Miramar",
            "Monte Buey",
            "Monte Maíz",
            "Montecristo",
            "Morrison",
            "Noetinger",
            "Obispo Trejo",
            "Oliva",
            "Oncativo",
            "Ordoñez",
            "Parque Norte - Ciudad de los Niños - Guiñazú Norte",
            "Pascanas",
            "Pilar",
            "Porteña",
            "Pozo del Molle",
            "Quilino",
            "Río Ceballos",
            "Río Cuarto",
            "Río Primero",
            "Río Segundo",
            "Río Tercero",
            "Sacanta",
            "Saldán",
            "Salsipuedes",
            "Sampacho",
            "San Agustín",
            "San Basilio",
            "San Esteban",
            "San Francisco",
            "San Francisco del Chañar",
            "San José de la Dormida",
            "San Marcos",
            "Santa Catalina Holmberg",
            "Santa Eufemia",
            "Santa Magdalena",
            "Santa Rosa de Calamuchita",
            "Santa Rosa de Río Primero",
            "Santiago Temple",
            "Saturnino María Laspiur",
            "Sebastián Elcano",
            "Serrano",
            "Serrezuela",
            "Ticino",
            "Toledo",
            "Tránsito",
            "Tío Pujio",
            "Ucacha",
            "Unquillo",
            "Valle de Anisacate",
            "Vicuña Mackenna",
            "Villa Allende",
            "Villa Ascasubi",
            "Villa Cerro Azul",
            "Villa General Belgrano",
            "Villa Huidobro",
            "Villa La Bolsa",
            "Villa Los Aromos",
            "Villa Los Llanos - Juárez Celman",
            "Villa María",
            "Villa Nueva",
            "Villa Parque Santa Ana",
            "Villa Quilino",
            "Villa Valeria",
            "Villa de María",
            "Villa de Soto",
            "Villa del Rosario",
            "Villa del Totoral"
          ]
        },
        {
          "nombre": "Entre Ríos",
          "ciudades": [
            "Alcaraz",
            "Aldea Valle María",
            "Basavilbaso",
            "Bovril",
            "Cerrito",
            "Chajarí",
            "Colonia Avellaneda",
            "Colón",
            "Concordia",
            "Crespo",
            "Diamante",
            "Federación",
            "Federal",
            "General Campos",
            "General Galarza",
            "General Ramírez",
            "Gobernador Mansilla",
            "Gualeguay",
            "Gualeguaychú",
            "Hasenkamp",
            "Hernandarias",
            "Ibicuy",
            "La Paz",
            "Larroque",
            "Los Charrúas",
            "Lucas González",
            "Maciá",
            "María Grande",
            "Nogoyá",
            "Oro Verde",
            "Paraná",
            "Pueblo General Belgrano",
            "Rosario del Tala",
            "San Benito",
            "San Jaime de la Frontera",
            "San José",
            "San José de Feliciano",
            "San Salvador",
            "Santa Elena",
            "Sauce Montrull",
            "Sauce de Luna",
            "Seguí",
            "Ubajay",
            "Urdinarrain",
            "Viale",
            "Victoria",
            "Villa  Elisa",
            "Villa Clara",
            "Villa Libertador San Martín",
            "Villa del Rosario",
            "Villaguay"
          ]
        },
        {
          "nombre": "Formosa",
          "ciudades": [
            "Clorinda",
            "Colonia Campo Villafañe",
            "Comandante Fontana",
            "El Colorado",
            "El Espinillo",
            "El Potrillo",
            "Estanislao del Campo",
            "Formosa",
            "General Lucio V. Mansilla",
            "Herradura",
            "Ibarreta",
            "Ingeniero Guillermo N. Juárez",
            "Laguna Blanca",
            "Laguna Naick-Neck",
            "Laguna Yema",
            "Las Lomitas",
            "Misión Tacaaglé",
            "Palo Santo",
            "Pirané",
            "Pozo del Tigre",
            "Riacho He-He",
            "San Francisco de Laishi",
            "San Martín II",
            "Villa General Güemes",
            "Villa General Manuel Belgrano",
            "Villa Kilómetro 213",
            "Villa del Carmen"
          ]
        },
        {
          "nombre": "Jujuy",
          "ciudades": [
            "Abra Pampa",
            "Aguas Calientes",
            "Caimancito",
            "Calilegua",
            "El Aguilar",
            "El Carmen",
            "El Piquete",
            "El Talar",
            "Fraile Pintado",
            "Humahuaca",
            "La Esperanza",
            "La Mendieta",
            "La Quiaca",
            "Libertador General San Martín",
            "Loteo San Vicente",
            "Maimará",
            "Miraflores",
            "Monterrico",
            "Palma Sola",
            "Palpalá",
            "Pampa Blanca",
            "Parapetí",
            "Perico",
            "San Pedro",
            "San Salvador de Jujuy",
            "Santa Clara",
            "Sauzal",
            "Tilcara",
            "Yala",
            "Yuto"
          ]
        },
        {
          "nombre": "La Pampa",
          "ciudades": [
            "25 de Mayo",
            "Caleufú",
            "Catriló",
            "Colonia Barón",
            "Eduardo Castex",
            "General Acha",
            "General Pico",
            "General San Martín",
            "Guatraché",
            "Ingeniero Luiggi",
            "Intendente Alvear",
            "Jacinto Aráuz",
            "La Adela",
            "Macachín",
            "Miguel Riglos",
            "Parera",
            "Quemú Quemú",
            "Rancul",
            "Realicó",
            "Santa Isabel",
            "Santa Rosa",
            "Toay",
            "Trenel",
            "Victorica",
            "Winifreda"
          ]
        },
        {
          "nombre": "La Rioja",
          "ciudades": [
            "Aimogasta",
            "Arauco",
            "Chamical",
            "Chepes",
            "Chilecito",
            "Famatina",
            "Guandacol",
            "La Rioja",
            "Milagro",
            "Nonogasta",
            "Olta",
            "Salicas - San Blas",
            "Ulapes",
            "Vichigasta",
            "Villa San José de Vinchina",
            "Villa Sanagasta",
            "Villa Unión"
          ]
        },
        {
          "nombre": "Mendoza",
          "ciudades": [
            "Agrelo",
            "Bowen",
            "Colonia Las Rosas",
            "Colonia Segovia",
            "Costa de Araujo",
            "Eugenio Bustos",
            "Fray Luis Beltrán",
            "General Alvear",
            "Godoy Cruz",
            "Goudge",
            "Guaymallén",
            "Junín",
            "La Colonia",
            "La Consulta",
            "La Dormida",
            "La Paz",
            "Las Catitas",
            "Las Heras",
            "Los Barriales",
            "Luján de Cuyo",
            "Maipú",
            "Malargüe",
            "Medrano",
            "Mendoza",
            "Monte Comán",
            "Perdriel",
            "Puente de Hierro",
            "Real del Padre",
            "Rivadavia",
            "Rodeo del Medio",
            "San Carlos",
            "San Martín",
            "San Rafael",
            "San Roque",
            "Santa Rosa",
            "Tres Porteñas",
            "Tunuyán",
            "Tupungato",
            "Ugarteche",
            "Uspallata",
            "Villa Atuel",
            "Villa Tulumaya",
            "Vista Flores"
          ]
        },
        {
          "nombre": "Misiones",
          "ciudades": [
            "25 de Mayo",
            "Apóstoles",
            "Aristóbulo del Valle",
            "Azara",
            "Barrio Escuela 633",
            "Bernardo de Irigoyen",
            "Campo Grande",
            "Campo Viera",
            "Candelaria",
            "Capioví",
            "Cerro Azul",
            "Colonia Wanda",
            "Comandante Andresito",
            "Concepción de la Sierra",
            "Corpus",
            "Dos de Mayo",
            "El Alcázar",
            "El Soberbio",
            "Eldorado",
            "Estación Apóstoles",
            "Garuhapé",
            "Garupá",
            "Gobernador Roca",
            "Guaraní",
            "Jardín América",
            "Leandro N. Alem",
            "María Magdalena",
            "Montecarlo",
            "Nemesio Parma",
            "Oberá",
            "Posadas",
            "Posadas (Extensión)",
            "Puerto Esperanza",
            "Puerto Iguazú",
            "Puerto Libertad",
            "Puerto Pinares",
            "Puerto Piray",
            "Puerto Rico",
            "Salto Encantado",
            "San Antonio",
            "San Ignacio",
            "San Javier",
            "San José",
            "San Pedro",
            "San Vicente",
            "Santa Ana",
            "Santo Pipó"
          ]
        },
        {
          "nombre": "Neuquén",
          "ciudades": [
            "Aluminé",
            "Andacollo",
            "Añelo",
            "Buta Ranquil",
            "Centenario",
            "Chos Malal",
            "Cutral Có",
            "Junín de los Andes",
            "Las Lajas",
            "Loncopué",
            "Mariano Moreno",
            "Neuquén",
            "Picún Leufú",
            "Piedra del Águila",
            "Plaza Huincul",
            "Plottier",
            "Rincón de los Sauces",
            "San Martín de los Andes",
            "San Patricio del Chañar",
            "Senillosa",
            "Villa La Angostura",
            "Zapala"
          ]
        },
        {
          "nombre": "Río Negro",
          "ciudades": [
            "Allen",
            "Catriel",
            "Cervantes",
            "Chichinales",
            "Chimpay",
            "Choele Choel",
            "Cinco Saltos",
            "Cipolletti",
            "Dina Huapi",
            "El Bolsón",
            "General Conesa",
            "General Enrique Godoy",
            "General Fernández Oro",
            "General Roca",
            "Ingeniero Jacobacci",
            "Ingeniero Luis A. Huergo",
            "Lamarque",
            "Las Grutas",
            "Las Perlas",
            "Los Menucos",
            "Luis Beltrán",
            "Maquinchao",
            "Río Colorado",
            "San Antonio Oeste",
            "San Carlos de Bariloche",
            "Sierra Grande",
            "Valcheta",
            "Viedma",
            "Villa Manzano",
            "Villa Regina"
          ]
        },
        {
          "nombre": "Salta",
          "ciudades": [
            "Aguaray",
            "Aguas Blancas",
            "Apolinario Saravia",
            "Cachi",
            "Cafayate",
            "Campo Quijano",
            "Campo Santo",
            "Chicoana",
            "Colonia Santa Rosa",
            "Coronel Cornejo",
            "Coronel Juan Solá",
            "Coronel Moldes",
            "El Bordo",
            "El Carril",
            "El Galpón",
            "El Quebrachal",
            "El Tala",
            "Embarcación",
            "General Ballivián",
            "General Güemes",
            "General Mosconi",
            "Guachipas",
            "Hipólito Yrigoyen",
            "Joaquín V. González",
            "La Caldera",
            "La Merced",
            "La Unión",
            "Las Lajitas",
            "Misión El Cruce - El Milagro",
            "Pichanal",
            "Profesor Salvador Mazza",
            "Rivadavia",
            "Rosario de Lerma",
            "Rosario de la Frontera",
            "Salta",
            "San Antonio de los Cobres",
            "San Carlos",
            "San José de Metán (Est. Metán)",
            "San José de los Cerrillos",
            "San Lorenzo",
            "San Ramón de la Nueva Orán",
            "Tartagal",
            "Urundel",
            "Vaqueros"
          ]
        },
        {
          "nombre": "San Juan",
          "ciudades": [
            "9 de Julio",
            "Alto de Sierra",
            "Barreal  - Villa Pituil",
            "Calingasta",
            "Caucete",
            "Chimbas",
            "Las Chacritas",
            "Los Berros",
            "Rawson",
            "Rivadavia",
            "Rodeo",
            "San José de Jáchal",
            "San Juan",
            "Santa Lucía",
            "Villa Aberastain - La Rinconada",
            "Villa Barboza - Villa Nacusi",
            "Villa Basilio Nievas",
            "Villa Borjas - La Chimbera",
            "Villa Don Bosco",
            "Villa El Salvador - Villa Sefair",
            "Villa General San Martín - Campo Afuera",
            "Villa Ibáñez",
            "Villa Media Agua",
            "Villa San Agustín",
            "Villa Santa Rosa",
            "Villa del Salvador"
          ]
        },
        {
          "nombre": "San Luis",
          "ciudades": [
            "Buena Esperanza",
            "Candelaria",
            "Concarán",
            "Juana Koslay",
            "Justo Daract",
            "La Punta",
            "La Toma",
            "Luján",
            "Merlo",
            "Naschel",
            "Quines",
            "San Francisco del Monte de Oro",
            "San Luis",
            "Santa Rosa del Conlara",
            "Tilisarao",
            "Unión",
            "Villa Mercedes"
          ]
        },
        {
          "nombre": "Santa Cruz",
          "ciudades": [
            "Caleta Olivia",
            "Comandante Luis Piedrabuena",
            "El Calafate",
            "Gobernador Gregores",
            "Las Heras",
            "Los Antiguos",
            "Perito Moreno",
            "Pico Truncado",
            "Puerto Deseado",
            "Puerto San Julián",
            "Puerto Santa Cruz",
            "Río Gallegos",
            "Yacimientos Río Turbio"
          ]
        },
        {
          "nombre": "Santa Fe",
          "ciudades": [
            "Acébal",
            "Alcorta",
            "Alejandra",
            "Alvear",
            "Arequito",
            "Armstrong",
            "Arroyo Leyes",
            "Arroyo Seco",
            "Arteaga",
            "Avellaneda",
            "Barrancas",
            "Barrio Mitre",
            "Barrios Acapulco y Veracruz",
            "Beravebú",
            "Bigand",
            "Bombal",
            "Calchaquí",
            "Capitán Bermúdez",
            "Carcarañá",
            "Carlos Pellegrini",
            "Casilda",
            "Cayastá",
            "Cañada Rosquín",
            "Cañada de Gómez",
            "Centeno",
            "Ceres",
            "Chabas",
            "Chañar Ladeado",
            "Chovet",
            "Coronda",
            "Coronel Bogado",
            "Correa",
            "El Trébol",
            "Elortondo",
            "Empalme Villa Constitución",
            "Esperanza",
            "Fighiera",
            "Firmat",
            "Florencia",
            "Franck",
            "Fray Luis Beltrán",
            "Frontera",
            "Fuentes",
            "Funes",
            "Gaboto",
            "General Lagos",
            "Gobernador Crespo",
            "Granadero Baigorria",
            "Gálvez",
            "Helvecia",
            "Hersilia",
            "Hughes",
            "Humberto Primo",
            "Humboldt",
            "Ibarlucea",
            "La Gallareta",
            "Laguna Paiva",
            "Las Parejas",
            "Las Rosas",
            "Las Toscas",
            "Lehmann",
            "Llambi Campbell",
            "Los Quirquinchos",
            "Maciel",
            "Malabrigo",
            "Margarita",
            "María Juana",
            "María Susana",
            "María Teresa",
            "Melincué",
            "Moisés Ville",
            "Monte Vera",
            "Montes de Oca",
            "Murphy",
            "Máximo Paz",
            "Nelson",
            "Oliveros",
            "Peyrano",
            "Piamonte",
            "Pilar",
            "Progreso",
            "Pueblo Esther",
            "Puerto General San Martín",
            "Pujato",
            "Pérez",
            "Rafaela",
            "Reconquista",
            "Recreo",
            "Ricardone",
            "Roldán",
            "Romang",
            "Rosario",
            "Rufino",
            "San Antonio de Obligado",
            "San Carlos Centro",
            "San Carlos Sud",
            "San Cristóbal",
            "San Genaro",
            "San Gregorio",
            "San Guillermo",
            "San Javier",
            "San Jerónimo Norte",
            "San Jerónimo Sud",
            "San Jorge",
            "San José de la Esquina",
            "San José del Rincón",
            "San Justo",
            "San Lorenzo",
            "San Martín de las Escobas",
            "San Vicente",
            "Sancti Spiritu",
            "Santa Clara de Buena Vista",
            "Santa Clara de Saguier",
            "Santa Fe",
            "Santa Isabel",
            "Santa Rosa de Calchines",
            "Santa Teresa",
            "Santo Tomé",
            "Sastre",
            "Sauce Viejo",
            "Serodino",
            "Soldini",
            "Suardi",
            "Sunchales",
            "Tacuarendí",
            "Teodelina",
            "Timbúes",
            "Tortugas",
            "Tostado",
            "Totoras",
            "Venado Tuerto",
            "Vera",
            "Videla",
            "Villa Ana",
            "Villa Cañás",
            "Villa Constitución",
            "Villa Eloísa",
            "Villa Gobernador Gálvez",
            "Villa Guillermina",
            "Villa Minetti",
            "Villa Mugueta",
            "Villa Ocampo",
            "Villa Trinidad",
            "Wheelwright",
            "Zavalla",
            "Álvarez"
          ]
        },
        {
          "nombre": "Santiago del Estero",
          "ciudades": [
            "Añatuya",
            "Bandera",
            "Beltrán",
            "Campo Gallo",
            "Clodomira",
            "Colonia Dora",
            "Colonia El Simbolar",
            "El Zanjón",
            "Fernández",
            "Frías",
            "Garza",
            "Ingeniero Forres",
            "La Banda",
            "Los Juríes",
            "Los Telares",
            "Monte Quemado",
            "Nueva Esperanza",
            "Pampa de los Guanacos",
            "Pozo Hondo",
            "Quimili",
            "Sachayoj",
            "Santiago del Estero",
            "Selva",
            "Simbolar",
            "Sol de Julio",
            "Sumampa",
            "Suncho Corral",
            "Termas de Río Hondo",
            "Tintina",
            "Villa Atamisqui",
            "Villa General Mitre",
            "Villa Ojo de Agua",
            "Villa San Martín (Est. Loreto)"
          ]
        },
        {
          "nombre": "Tierra del Fuego, Antártida e Islas del Atlántico Sur",
          "ciudades": [
            "Rio Grande",
            "Tolhuin",
            "USHUAIA"
          ]
        },
        {
          "nombre": "Tucumán",
          "ciudades": [
            "Acheral",
            "Aguilares",
            "Alderetes",
            "Alto Verde",
            "Arcadia",
            "Banda del Río Salí",
            "Barrio San Felipe",
            "Barrio San José III",
            "Barrio San Roque",
            "Bella Vista",
            "Colombres",
            "Concepción",
            "Delfín Gallo",
            "Diagonal Norte - Luz y Fuerza - Los Pocitos - Villa Nueva Italia",
            "El Chañar",
            "El Manantial",
            "Famaillá",
            "Garmendia",
            "Graneros",
            "Ingenio San Pablo",
            "Juan Bautista Alberdi",
            "La Cocha",
            "La Florida",
            "La Reducción",
            "La Trinidad",
            "Lamadrid",
            "Los Ralos",
            "Los Sarmientos",
            "Lules",
            "Medina",
            "Monteros",
            "Pueblo Independencia",
            "Ranchillos",
            "Río Seco",
            "San Andrés",
            "San Miguel de Tucumán",
            "San Pedro de Colalao",
            "Santa Ana",
            "Santa Lucía",
            "Simoca",
            "Tafí Viejo",
            "Tafí del Valle",
            "Villa Burruyacú",
            "Villa Carmela",
            "Villa Fiad - Ingenio Leales",
            "Villa Mariano Moreno - El Colmenar",
            "Villa Quinteros",
            "Villa de Trancas",
            "Yerba Buena - Marcos Paz"
          ]
        }
      ]
    }
  ]
}