{
  "Argentina": [
    {
      "nomloc": "Buenos Aires",
      "nomprov": "Buenos Aires"
    },
    {
      "nomloc": "Ciudad Autónoma de Buenos Aires",
      "nomprov": "Ciudad Autónoma de Buenos Aires"
    },
    {
      "nomloc": "Carhué",
      "nomprov": "Buenos Aires"
    },
    {
      "nomloc": "Rivera",
      "nomprov": "Buenos Aires"
    },
    {
      "nomloc": "Adolfo Gonzales Chaves",
      "nomprov": "Buenos Aires"
    },
    {
      "nomloc": "Chillar",
      "nomprov": "Buenos Aires"
    },
    {
      "nomloc": "Bahía Blanca",
      "nomprov": "Buenos Aires"
    },
    {
      "nomloc": "Alberti",
      "nomprov": "Buenos Aires"
    },
    {
      "nomloc": "Almirante Brown",
      "nomprov": "Buenos Aires"
    },
    {
      "nomloc": "Avellaneda",
      "nomprov": "Buenos Aires"
    },
    {
      "nomloc": "Ayacucho",
      "nomprov": "Buenos Aires"
    },
    {
      "nomloc": "Azul",
      "nomprov": "Buenos Aires"
    },
    {
      "nomloc": "Cacharí",
      "nomprov": "Buenos Aires"
    },
    {
      "nomloc": "Cabildo",
      "nomprov": "Buenos Aires"
    },
    {
      "nomloc": "General Daniel Cerri",
      "nomprov": "Buenos Aires"
    },
    {
      "nomloc": "Arrecifes",
      "nomprov": "Buenos Aires"
    },
    {
      "nomloc": "Balcarce",
      "nomprov": "Buenos Aires"
    },
    {
      "nomloc": "Baradero",
      "nomprov": "Buenos Aires"
    },
    {
      "nomloc": "Benito Juárez",
      "nomprov": "Buenos Aires"
    },
    {
      "nomloc": "Villa Cacique",
      "nomprov": "Buenos Aires"
    },
    {
      "nomloc": "Berazategui",
      "nomprov": "Buenos Aires"
    },
    {
      "nomloc": "San Carlos de Bolívar",
      "nomprov": "Buenos Aires"
    },
    {
      "nomloc": "Urdampilleta",
      "nomprov": "Buenos Aires"
    },
    {
      "nomloc": "Ferré",
      "nomprov": "Buenos Aires"
    },
    {
      "nomloc": "Berisso",
      "nomprov": "Buenos Aires"
    },
    {
      "nomloc": "General Arenales",
      "nomprov": "Buenos Aires"
    },
    {
      "nomloc": "Bragado",
      "nomprov": "Buenos Aires"
    },
    {
      "nomloc": "General O'Brien",
      "nomprov": "Buenos Aires"
    },
    {
      "nomloc": "Capitán Sarmiento",
      "nomprov": "Buenos Aires"
    },
    {
      "nomloc": "Los Cardales",
      "nomprov": "Buenos Aires"
    },
    {
      "nomloc": "Coronel Brandsen",
      "nomprov": "Buenos Aires"
    },
    {
      "nomloc": "Jeppener",
      "nomprov": "Buenos Aires"
    },
    {
      "nomloc": "Los Cardales",
      "nomprov": "Buenos Aires"
    },
    {
      "nomloc": "Campana",
      "nomprov": "Buenos Aires"
    },
    {
      "nomloc": "General Pinedo",
      "nomprov": "Chaco"
    },
    {
      "nomloc": "Alejandro Petión",
      "nomprov": "Buenos Aires"
    },
    {
      "nomloc": "Cañuelas",
      "nomprov": "Buenos Aires"
    },
    {
      "nomloc": "Máximo Paz",
      "nomprov": "Buenos Aires"
    },
    {
      "nomloc": "Santa Rosa",
      "nomprov": "Buenos Aires"
    },
    {
      "nomloc": "Hinojo",
      "nomprov": "Buenos Aires"
    },
    {
      "nomloc": "Carlos Casares",
      "nomprov": "Buenos Aires"
    },
    {
      "nomloc": "Carlos Tejedor",
      "nomprov": "Buenos Aires"
    },
    {
      "nomloc": "Tres Algarrobos",
      "nomprov": "Buenos Aires"
    },
    {
      "nomloc": "Florentino Ameghino",
      "nomprov": "Buenos Aires"
    },
    {
      "nomloc": "Carmen de Areco",
      "nomprov": "Buenos Aires"
    },
    {
      "nomloc": "Castelli",
      "nomprov": "Buenos Aires"
    },
    {
      "nomloc": "Colón",
      "nomprov": "Buenos Aires"
    },
    {
      "nomloc": "Punta Alta",
      "nomprov": "Buenos Aires"
    },
    {
      "nomloc": "Coronel Dorrego",
      "nomprov": "Buenos Aires"
    },
    {
      "nomloc": "Orense",
      "nomprov": "Buenos Aires"
    },
    {
      "nomloc": "Coronel Pringles",
      "nomprov": "Buenos Aires"
    },
    {
      "nomloc": "Coronel Suárez",
      "nomprov": "Buenos Aires"
    },
    {
      "nomloc": "Huanguelén",
      "nomprov": "Buenos Aires"
    },
    {
      "nomloc": "San José",
      "nomprov": "Buenos Aires"
    },
    {
      "nomloc": "Villa La Arcadia",
      "nomprov": "Buenos Aires"
    },
    {
      "nomloc": "Chacabuco",
      "nomprov": "Buenos Aires"
    },
    {
      "nomloc": "Rawson",
      "nomprov": "Buenos Aires"
    },
    {
      "nomloc": "Chivilcoy",
      "nomprov": "Buenos Aires"
    },
    {
      "nomloc": "Moquehuá",
      "nomprov": "Buenos Aires"
    },
    {
      "nomloc": "Daireaux",
      "nomprov": "Buenos Aires"
    },
    {
      "nomloc": "Chascomús",
      "nomprov": "Buenos Aires"
    },
    {
      "nomloc": "Comandante Nicanor Otamendi",
      "nomprov": "Buenos Aires"
    },
    {
      "nomloc": "Miramar",
      "nomprov": "Buenos Aires"
    },
    {
      "nomloc": "Dolores",
      "nomprov": "Buenos Aires"
    },
    {
      "nomloc": "Ensenada",
      "nomprov": "Buenos Aires"
    },
    {
      "nomloc": "Escobar",
      "nomprov": "Buenos Aires"
    },
    {
      "nomloc": "Capilla del Señor",
      "nomprov": "Buenos Aires"
    },
    {
      "nomloc": "General Alvear",
      "nomprov": "Buenos Aires"
    },
    {
      "nomloc": "Esteban Echeverría",
      "nomprov": "Buenos Aires"
    },
    {
      "nomloc": "Arribeños",
      "nomprov": "Buenos Aires"
    },
    {
      "nomloc": "Parada Robles - Pavón",
      "nomprov": "Buenos Aires"
    },
    {
      "nomloc": "Ezeiza",
      "nomprov": "Buenos Aires"
    },
    {
      "nomloc": "Torres",
      "nomprov": "Buenos Aires"
    },
    {
      "nomloc": "Ascensión",
      "nomprov": "Buenos Aires"
    },
    {
      "nomloc": "Parera",
      "nomprov": "La Pampa"
    },
    {
      "nomloc": "Florencio Varela",
      "nomprov": "Buenos Aires"
    },
    {
      "nomloc": "General Belgrano",
      "nomprov": "Buenos Aires"
    },
    {
      "nomloc": "General Juan Madariaga",
      "nomprov": "Buenos Aires"
    },
    {
      "nomloc": "General La Madrid",
      "nomprov": "Buenos Aires"
    },
    {
      "nomloc": "General Las Heras",
      "nomprov": "Buenos Aires"
    },
    {
      "nomloc": "Ranchos",
      "nomprov": "Buenos Aires"
    },
    {
      "nomloc": "General Pinto",
      "nomprov": "Buenos Aires"
    },
    {
      "nomloc": "Batán",
      "nomprov": "Buenos Aires"
    },
    {
      "nomloc": "General Villegas",
      "nomprov": "Buenos Aires"
    },
    {
      "nomloc": "Chapadmalal",
      "nomprov": "Buenos Aires"
    },
    {
      "nomloc": "Piedritas",
      "nomprov": "Buenos Aires"
    },
    {
      "nomloc": "Casbas",
      "nomprov": "Buenos Aires"
    },
    {
      "nomloc": "El Marquesado",
      "nomprov": "Buenos Aires"
    },
    {
      "nomloc": "Mar del Plata",
      "nomprov": "Buenos Aires"
    },
    {
      "nomloc": "Guaminí",
      "nomprov": "Buenos Aires"
    },
    {
      "nomloc": "Henderson",
      "nomprov": "Buenos Aires"
    },
    {
      "nomloc": "Sierra de los Padres",
      "nomprov": "Buenos Aires"
    },
    {
      "nomloc": "General Rodríguez",
      "nomprov": "Buenos Aires"
    },
    {
      "nomloc": "Laprida",
      "nomprov": "Buenos Aires"
    },
    {
      "nomloc": "General Pirán",
      "nomprov": "Buenos Aires"
    },
    {
      "nomloc": "General San Martín",
      "nomprov": "Buenos Aires"
    },
    {
      "nomloc": "Los Toldos",
      "nomprov": "Buenos Aires"
    },
    {
      "nomloc": "Rancul",
      "nomprov": "La Pampa"
    },
    {
      "nomloc": "Hurlingham",
      "nomprov": "Buenos Aires"
    },
    {
      "nomloc": "Las Flores",
      "nomprov": "Buenos Aires"
    },
    {
      "nomloc": "Juan Bautista Alberdi",
      "nomprov": "Buenos Aires"
    },
    {
      "nomloc": "Ituzaingó",
      "nomprov": "Buenos Aires"
    },
    {
      "nomloc": "José C. Paz",
      "nomprov": "Buenos Aires"
    },
    {
      "nomloc": "Leandro N. Alem",
      "nomprov": "Buenos Aires"
    },
    {
      "nomloc": "Vedia",
      "nomprov": "Buenos Aires"
    },
    {
      "nomloc": "Junín",
      "nomprov": "Buenos Aires"
    },
    {
      "nomloc": "Las Toninas",
      "nomprov": "Buenos Aires"
    },
    {
      "nomloc": "Navarro",
      "nomprov": "Buenos Aires"
    },
    {
      "nomloc": "Mar de Ajó - San Bernardo",
      "nomprov": "Buenos Aires"
    },
    {
      "nomloc": "Lincoln",
      "nomprov": "Buenos Aires"
    },
    {
      "nomloc": "San Clemente del Tuyú",
      "nomprov": "Buenos Aires"
    },
    {
      "nomloc": "Roberts",
      "nomprov": "Buenos Aires"
    },
    {
      "nomloc": "Lobería",
      "nomprov": "Buenos Aires"
    },
    {
      "nomloc": "Juan N. Fernández",
      "nomprov": "Buenos Aires"
    },
    {
      "nomloc": "Villa Kilómetro 213",
      "nomprov": "Formosa"
    },
    {
      "nomloc": "Santa Teresita - Mar del Tuyú",
      "nomprov": "Buenos Aires"
    },
    {
      "nomloc": "La Matanza",
      "nomprov": "Buenos Aires"
    },
    {
      "nomloc": "Magdalena",
      "nomprov": "Buenos Aires"
    },
    {
      "nomloc": "Lanús",
      "nomprov": "Buenos Aires"
    },
    {
      "nomloc": "La Plata",
      "nomprov": "Buenos Aires"
    },
    {
      "nomloc": "Maipú",
      "nomprov": "Buenos Aires"
    },
    {
      "nomloc": "Lobos",
      "nomprov": "Buenos Aires"
    },
    {
      "nomloc": "Lomas de Zamora",
      "nomprov": "Buenos Aires"
    },
    {
      "nomloc": "Luján",
      "nomprov": "Buenos Aires"
    },
    {
      "nomloc": "Torres",
      "nomprov": "Buenos Aires"
    },
    {
      "nomloc": "General Mansilla",
      "nomprov": "Buenos Aires"
    },
    {
      "nomloc": "Coronel Vidal",
      "nomprov": "Buenos Aires"
    },
    {
      "nomloc": "Malvinas Argentinas",
      "nomprov": "Buenos Aires"
    },
    {
      "nomloc": "Santa Clara del Mar",
      "nomprov": "Buenos Aires"
    },
    {
      "nomloc": "Marcos Paz",
      "nomprov": "Buenos Aires"
    },
    {
      "nomloc": "Carmen de Patagones",
      "nomprov": "Buenos Aires"
    },
    {
      "nomloc": "Mercedes",
      "nomprov": "Buenos Aires"
    },
    {
      "nomloc": "Merlo",
      "nomprov": "Buenos Aires"
    },
    {
      "nomloc": "Villalonga",
      "nomprov": "Buenos Aires"
    },
    {
      "nomloc": "Nelson",
      "nomprov": "Santa Fe"
    },
    {
      "nomloc": "San Miguel del Monte",
      "nomprov": "Buenos Aires"
    },
    {
      "nomloc": "Juan José Paso",
      "nomprov": "Buenos Aires"
    },
    {
      "nomloc": "América",
      "nomprov": "Buenos Aires"
    },
    {
      "nomloc": "Monte Hermoso",
      "nomprov": "Buenos Aires"
    },
    {
      "nomloc": "Moreno",
      "nomprov": "Buenos Aires"
    },
    {
      "nomloc": "9 de Julio",
      "nomprov": "Buenos Aires"
    },
    {
      "nomloc": "Morón",
      "nomprov": "Buenos Aires"
    },
    {
      "nomloc": "Necochea - Quequén",
      "nomprov": "Buenos Aires"
    },
    {
      "nomloc": "Nicanor Olivera",
      "nomprov": "Buenos Aires"
    },
    {
      "nomloc": "Dudignac",
      "nomprov": "Buenos Aires"
    },
    {
      "nomloc": "Olavarría",
      "nomprov": "Buenos Aires"
    },
    {
      "nomloc": "Sierra Chica",
      "nomprov": "Buenos Aires"
    },
    {
      "nomloc": "Sierras Bayas",
      "nomprov": "Buenos Aires"
    },
    {
      "nomloc": "Villa Alfredo Fortabat",
      "nomprov": "Buenos Aires"
    },
    {
      "nomloc": "Pehuajó",
      "nomprov": "Buenos Aires"
    },
    {
      "nomloc": "Pellegrini",
      "nomprov": "Buenos Aires"
    },
    {
      "nomloc": "Puán",
      "nomprov": "Buenos Aires"
    },
    {
      "nomloc": "Verónica",
      "nomprov": "Buenos Aires"
    },
    {
      "nomloc": "Quilmes",
      "nomprov": "Buenos Aires"
    },
    {
      "nomloc": "Pérez Millán",
      "nomprov": "Buenos Aires"
    },
    {
      "nomloc": "Pergamino",
      "nomprov": "Buenos Aires"
    },
    {
      "nomloc": "Pila",
      "nomprov": "Buenos Aires"
    },
    {
      "nomloc": "Pilar",
      "nomprov": "Buenos Aires"
    },
    {
      "nomloc": "Pinamar",
      "nomprov": "Buenos Aires"
    },
    {
      "nomloc": "Saavedra",
      "nomprov": "Buenos Aires"
    },
    {
      "nomloc": "Presidente Perón",
      "nomprov": "Buenos Aires"
    },
    {
      "nomloc": "Darregueira",
      "nomprov": "Buenos Aires"
    },
    {
      "nomloc": "Conesa",
      "nomprov": "Buenos Aires"
    },
    {
      "nomloc": "Ramallo",
      "nomprov": "Buenos Aires"
    },
    {
      "nomloc": "Villa Ramallo",
      "nomprov": "Buenos Aires"
    },
    {
      "nomloc": "Rauch",
      "nomprov": "Buenos Aires"
    },
    {
      "nomloc": "Santa Clara de Buena Vista",
      "nomprov": "Santa Fe"
    },
    {
      "nomloc": "Rojas",
      "nomprov": "Buenos Aires"
    },
    {
      "nomloc": "Roque Pérez",
      "nomprov": "Buenos Aires"
    },
    {
      "nomloc": "Pigüé",
      "nomprov": "Buenos Aires"
    },
    {
      "nomloc": "Saladillo",
      "nomprov": "Buenos Aires"
    },
    {
      "nomloc": "Salto",
      "nomprov": "Buenos Aires"
    },
    {
      "nomloc": "Salliqueló",
      "nomprov": "Buenos Aires"
    },
    {
      "nomloc": "San Andrés de Giles",
      "nomprov": "Buenos Aires"
    },
    {
      "nomloc": "San Antonio de Areco",
      "nomprov": "Buenos Aires"
    },
    {
      "nomloc": "San Cayetano",
      "nomprov": "Buenos Aires"
    },
    {
      "nomloc": "San Fernando",
      "nomprov": "Buenos Aires"
    },
    {
      "nomloc": "General Rojo",
      "nomprov": "Buenos Aires"
    },
    {
      "nomloc": "San Isidro",
      "nomprov": "Buenos Aires"
    },
    {
      "nomloc": "San Miguel",
      "nomprov": "Buenos Aires"
    },
    {
      "nomloc": "La Emilia",
      "nomprov": "Buenos Aires"
    },
    {
      "nomloc": "San Nicolás de los Arroyos",
      "nomprov": "Buenos Aires"
    },
    {
      "nomloc": "Gobernador Castro",
      "nomprov": "Buenos Aires"
    },
    {
      "nomloc": "Tandil",
      "nomprov": "Buenos Aires"
    },
    {
      "nomloc": "San Pedro",
      "nomprov": "Buenos Aires"
    },
    {
      "nomloc": "Santa Lucía",
      "nomprov": "Buenos Aires"
    },
    {
      "nomloc": "Ucacha",
      "nomprov": "Córdoba"
    },
    {
      "nomloc": "San Vicente",
      "nomprov": "Buenos Aires"
    },
    {
      "nomloc": "Suipacha",
      "nomprov": "Buenos Aires"
    },
    {
      "nomloc": "Trenque Lauquen",
      "nomprov": "Buenos Aires"
    },
    {
      "nomloc": "Tapalqué",
      "nomprov": "Buenos Aires"
    },
    {
      "nomloc": "Tigre",
      "nomprov": "Buenos Aires"
    },
    {
      "nomloc": "Claromecó",
      "nomprov": "Buenos Aires"
    },
    {
      "nomloc": "Sierra de la Ventana",
      "nomprov": "Buenos Aires"
    },
    {
      "nomloc": "Tornquist",
      "nomprov": "Buenos Aires"
    },
    {
      "nomloc": "30 de Agosto",
      "nomprov": "Buenos Aires"
    },
    {
      "nomloc": "Tres Arroyos",
      "nomprov": "Buenos Aires"
    },
    {
      "nomloc": "Norberto de la Riestra",
      "nomprov": "Buenos Aires"
    },
    {
      "nomloc": "Malvinas Argentinas",
      "nomprov": "Córdoba"
    },
    {
      "nomloc": "Tres de Febrero",
      "nomprov": "Buenos Aires"
    },
    {
      "nomloc": "Tres Lomas",
      "nomprov": "Buenos Aires"
    },
    {
      "nomloc": "25 de Mayo",
      "nomprov": "Buenos Aires"
    },
    {
      "nomloc": "Médanos",
      "nomprov": "Buenos Aires"
    },
    {
      "nomloc": "Pedro Luro",
      "nomprov": "Buenos Aires"
    },
    {
      "nomloc": "Vicente López",
      "nomprov": "Buenos Aires"
    },
    {
      "nomloc": "Villa Gesell",
      "nomprov": "Buenos Aires"
    },
    {
      "nomloc": "Hilario Ascasubi",
      "nomprov": "Buenos Aires"
    },
    {
      "nomloc": "Mayor Buratovich",
      "nomprov": "Buenos Aires"
    },
    {
      "nomloc": "Lima",
      "nomprov": "Buenos Aires"
    },
    {
      "nomloc": "Londres",
      "nomprov": "Catamarca"
    },
    {
      "nomloc": "Zárate",
      "nomprov": "Buenos Aires"
    },
    {
      "nomloc": "Andalgalá",
      "nomprov": "Catamarca"
    },
    {
      "nomloc": "Finca del Sol - San Francisco - Catalina Norte",
      "nomprov": "Córdoba"
    },
    {
      "nomloc": "Belén",
      "nomprov": "Catamarca"
    },
    {
      "nomloc": "Chumbicha",
      "nomprov": "Catamarca"
    },
    {
      "nomloc": "Inriville",
      "nomprov": "Córdoba"
    },
    {
      "nomloc": "Huillapima",
      "nomprov": "Catamarca"
    },
    {
      "nomloc": "San Fernando del Valle de Catamarca",
      "nomprov": "Catamarca"
    },
    {
      "nomloc": "Collagasta",
      "nomprov": "Catamarca"
    },
    {
      "nomloc": "San José",
      "nomprov": "Catamarca"
    },
    {
      "nomloc": "Icaño",
      "nomprov": "Catamarca"
    },
    {
      "nomloc": "Recreo",
      "nomprov": "Catamarca"
    },
    {
      "nomloc": "Saujil",
      "nomprov": "Catamarca"
    },
    {
      "nomloc": "Villa Cerro Azul",
      "nomprov": "Córdoba"
    },
    {
      "nomloc": "Pomán",
      "nomprov": "Catamarca"
    },
    {
      "nomloc": "San José",
      "nomprov": "Catamarca"
    },
    {
      "nomloc": "Los Cóndores",
      "nomprov": "Córdoba"
    },
    {
      "nomloc": "Santa María",
      "nomprov": "Catamarca"
    },
    {
      "nomloc": "Los Altos",
      "nomprov": "Catamarca"
    },
    {
      "nomloc": "San Agustín",
      "nomprov": "Córdoba"
    },
    {
      "nomloc": "Santa Rosa de Calamuchita",
      "nomprov": "Córdoba"
    },
    {
      "nomloc": "Villa General Belgrano",
      "nomprov": "Córdoba"
    },
    {
      "nomloc": "Córdoba",
      "nomprov": "Córdoba"
    },
    {
      "nomloc": "Agua de Oro",
      "nomprov": "Córdoba"
    },
    {
      "nomloc": "Fiambalá",
      "nomprov": "Catamarca"
    },
    {
      "nomloc": "Corral Quemado",
      "nomprov": "Córdoba"
    },
    {
      "nomloc": "Serrezuela",
      "nomprov": "Córdoba"
    },
    {
      "nomloc": "Tinogasta",
      "nomprov": "Catamarca"
    },
    {
      "nomloc": "San Isidro",
      "nomprov": "Catamarca"
    },
    {
      "nomloc": "Villa Huidobro",
      "nomprov": "Córdoba"
    },
    {
      "nomloc": "Canteras El Sauce",
      "nomprov": "Córdoba"
    },
    {
      "nomloc": "Casa Bamba",
      "nomprov": "Córdoba"
    },
    {
      "nomloc": "Colonia Caroya",
      "nomprov": "Córdoba"
    },
    {
      "nomloc": "El Manzano",
      "nomprov": "Córdoba"
    },
    {
      "nomloc": "Los Molles",
      "nomprov": "Córdoba"
    },
    {
      "nomloc": "Jesús María",
      "nomprov": "Córdoba"
    },
    {
      "nomloc": "La Calera",
      "nomprov": "Córdoba"
    },
    {
      "nomloc": "La Granja",
      "nomprov": "Córdoba"
    },
    {
      "nomloc": "Tío Pujio",
      "nomprov": "Córdoba"
    },
    {
      "nomloc": "Villa María",
      "nomprov": "Córdoba"
    },
    {
      "nomloc": "Mendiolaza",
      "nomprov": "Córdoba"
    },
    {
      "nomloc": "Río Ceballos",
      "nomprov": "Córdoba"
    },
    {
      "nomloc": "Laguna Larga",
      "nomprov": "Córdoba"
    },
    {
      "nomloc": "Saldán",
      "nomprov": "Córdoba"
    },
    {
      "nomloc": "Salsipuedes",
      "nomprov": "Córdoba"
    },
    {
      "nomloc": "Unquillo",
      "nomprov": "Córdoba"
    },
    {
      "nomloc": "Parque Norte - Ciudad de los Niños - Guiñazú Norte",
      "nomprov": "Córdoba"
    },
    {
      "nomloc": "Alejo Ledesma",
      "nomprov": "Córdoba"
    },
    {
      "nomloc": "Villa Allende",
      "nomprov": "Córdoba"
    },
    {
      "nomloc": "Villa Los Llanos - Juárez Celman",
      "nomprov": "Córdoba"
    },
    {
      "nomloc": "Cruz del Eje",
      "nomprov": "Córdoba"
    },
    {
      "nomloc": "Villa de Soto",
      "nomprov": "Córdoba"
    },
    {
      "nomloc": "Del Campillo",
      "nomprov": "Córdoba"
    },
    {
      "nomloc": "Huinca Renancó",
      "nomprov": "Córdoba"
    },
    {
      "nomloc": "Santa Magdalena",
      "nomprov": "Córdoba"
    },
    {
      "nomloc": "Villa Valeria",
      "nomprov": "Córdoba"
    },
    {
      "nomloc": "Arroyo Cabral",
      "nomprov": "Córdoba"
    },
    {
      "nomloc": "Etruria",
      "nomprov": "Córdoba"
    },
    {
      "nomloc": "La Playosa",
      "nomprov": "Córdoba"
    },
    {
      "nomloc": "Ticino",
      "nomprov": "Córdoba"
    },
    {
      "nomloc": "Guatimozín",
      "nomprov": "Córdoba"
    },
    {
      "nomloc": "Villa Nueva",
      "nomprov": "Córdoba"
    },
    {
      "nomloc": "Alejandro Roca",
      "nomprov": "Córdoba"
    },
    {
      "nomloc": "Deán Funes",
      "nomprov": "Córdoba"
    },
    {
      "nomloc": "Quilino",
      "nomprov": "Córdoba"
    },
    {
      "nomloc": "Villa Quilino",
      "nomprov": "Córdoba"
    },
    {
      "nomloc": "General Cabrera",
      "nomprov": "Córdoba"
    },
    {
      "nomloc": "General Deheza",
      "nomprov": "Córdoba"
    },
    {
      "nomloc": "La Carlota",
      "nomprov": "Córdoba"
    },
    {
      "nomloc": "Santa Eufemia",
      "nomprov": "Córdoba"
    },
    {
      "nomloc": "Arias",
      "nomprov": "Córdoba"
    },
    {
      "nomloc": "Camilo Aldao",
      "nomprov": "Córdoba"
    },
    {
      "nomloc": "Cruz Alta",
      "nomprov": "Córdoba"
    },
    {
      "nomloc": "General Baldissera",
      "nomprov": "Córdoba"
    },
    {
      "nomloc": "General Roca",
      "nomprov": "Córdoba"
    },
    {
      "nomloc": "Isla Verde",
      "nomprov": "Córdoba"
    },
    {
      "nomloc": "Leones",
      "nomprov": "Córdoba"
    },
    {
      "nomloc": "Los Surgentes",
      "nomprov": "Córdoba"
    },
    {
      "nomloc": "Marcos Juárez",
      "nomprov": "Córdoba"
    },
    {
      "nomloc": "Monte Buey",
      "nomprov": "Córdoba"
    },
    {
      "nomloc": "General Levalle",
      "nomprov": "Córdoba"
    },
    {
      "nomloc": "Laboulaye",
      "nomprov": "Córdoba"
    },
    {
      "nomloc": "Serrano",
      "nomprov": "Córdoba"
    },
    {
      "nomloc": "Capilla del Monte",
      "nomprov": "Córdoba"
    },
    {
      "nomloc": "La Cumbre",
      "nomprov": "Córdoba"
    },
    {
      "nomloc": "Alcira Gigena",
      "nomprov": "Córdoba"
    },
    {
      "nomloc": "Los Cocos",
      "nomprov": "Córdoba"
    },
    {
      "nomloc": "Berrotarán",
      "nomprov": "Córdoba"
    },
    {
      "nomloc": "San Esteban",
      "nomprov": "Córdoba"
    },
    {
      "nomloc": "Coronel Moldes",
      "nomprov": "Córdoba"
    },
    {
      "nomloc": "Elena",
      "nomprov": "Córdoba"
    },
    {
      "nomloc": "Achiras",
      "nomprov": "Córdoba"
    },
    {
      "nomloc": "Adelia María",
      "nomprov": "Córdoba"
    },
    {
      "nomloc": "Las Acequias",
      "nomprov": "Córdoba"
    },
    {
      "nomloc": "Las Higueras",
      "nomprov": "Córdoba"
    },
    {
      "nomloc": "Sampacho",
      "nomprov": "Córdoba"
    },
    {
      "nomloc": "San Basilio",
      "nomprov": "Córdoba"
    },
    {
      "nomloc": "Hermoso Campo",
      "nomprov": "Chaco"
    },
    {
      "nomloc": "Río Tercero",
      "nomprov": "Córdoba"
    },
    {
      "nomloc": "Río Primero",
      "nomprov": "Córdoba"
    },
    {
      "nomloc": "Río Segundo",
      "nomprov": "Córdoba"
    },
    {
      "nomloc": "Río Ceballos",
      "nomprov": "Córdoba"
    },
    {
      "nomloc": "Río Cuarto",
      "nomprov": "Córdoba"
    },
    {
      "nomloc": "Santa Catalina Holmberg",
      "nomprov": "Córdoba"
    },
    {
      "nomloc": "Vicuña Mackenna",
      "nomprov": "Córdoba"
    },
    {
      "nomloc": "La Para",
      "nomprov": "Córdoba"
    },
    {
      "nomloc": "La Puerta",
      "nomprov": "Córdoba"
    },
    {
      "nomloc": "Montecristo",
      "nomprov": "Córdoba"
    },
    {
      "nomloc": "Obispo Trejo",
      "nomprov": "Córdoba"
    },
    {
      "nomloc": "Río Primero",
      "nomprov": "Córdoba"
    },
    {
      "nomloc": "Ingeniero Luiggi",
      "nomprov": "La Pampa"
    },
    {
      "nomloc": "Santa Rosa de Río Primero",
      "nomprov": "Córdoba"
    },
    {
      "nomloc": "Sebastián Elcano",
      "nomprov": "Córdoba"
    },
    {
      "nomloc": "Villa de María",
      "nomprov": "Córdoba"
    },
    {
      "nomloc": "Calchín",
      "nomprov": "Córdoba"
    },
    {
      "nomloc": "Luque",
      "nomprov": "Córdoba"
    },
    {
      "nomloc": "Oncativo",
      "nomprov": "Córdoba"
    },
    {
      "nomloc": "Pilar",
      "nomprov": "Córdoba"
    },
    {
      "nomloc": "Pozo del Molle",
      "nomprov": "Córdoba"
    },
    {
      "nomloc": "Río Segundo",
      "nomprov": "Córdoba"
    },
    {
      "nomloc": "Santiago Temple",
      "nomprov": "Córdoba"
    },
    {
      "nomloc": "Balnearia",
      "nomprov": "Córdoba"
    },
    {
      "nomloc": "Villa del Rosario",
      "nomprov": "Córdoba"
    },
    {
      "nomloc": "Los Cerrillos",
      "nomprov": "Córdoba"
    },
    {
      "nomloc": "Alicia",
      "nomprov": "Córdoba"
    },
    {
      "nomloc": "Arroyito",
      "nomprov": "Córdoba"
    },
    {
      "nomloc": "Devoto",
      "nomprov": "Córdoba"
    },
    {
      "nomloc": "Freyre",
      "nomprov": "Córdoba"
    },
    {
      "nomloc": "La Francia",
      "nomprov": "Córdoba"
    },
    {
      "nomloc": "Las Varillas",
      "nomprov": "Córdoba"
    },
    {
      "nomloc": "Miramar",
      "nomprov": "Córdoba"
    },
    {
      "nomloc": "Porteña",
      "nomprov": "Córdoba"
    },
    {
      "nomloc": "Sacanta",
      "nomprov": "Córdoba"
    },
    {
      "nomloc": "San Francisco",
      "nomprov": "Córdoba"
    },
    {
      "nomloc": "Saturnino María Laspiur",
      "nomprov": "Córdoba"
    },
    {
      "nomloc": "Tránsito",
      "nomprov": "Córdoba"
    },
    {
      "nomloc": "Anisacate",
      "nomprov": "Córdoba"
    },
    {
      "nomloc": "Barrio Gilbert (1º de Mayo) - Tejas Tres",
      "nomprov": "Córdoba"
    },
    {
      "nomloc": "Despeñaderos",
      "nomprov": "Córdoba"
    },
    {
      "nomloc": "Real del Padre",
      "nomprov": "Mendoza"
    },
    {
      "nomloc": "San Rafael",
      "nomprov": "Mendoza"
    },
    {
      "nomloc": "La Serranita",
      "nomprov": "Córdoba"
    },
    {
      "nomloc": "Toledo",
      "nomprov": "Córdoba"
    },
    {
      "nomloc": "Valle de Anisacate",
      "nomprov": "Córdoba"
    },
    {
      "nomloc": "Arteaga",
      "nomprov": "Santa Fe"
    },
    {
      "nomloc": "Villa La Bolsa",
      "nomprov": "Córdoba"
    },
    {
      "nomloc": "Villa Los Aromos",
      "nomprov": "Córdoba"
    },
    {
      "nomloc": "Beravebú",
      "nomprov": "Santa Fe"
    },
    {
      "nomloc": "Villa Parque Santa Ana",
      "nomprov": "Córdoba"
    },
    {
      "nomloc": "San Francisco del Chañar",
      "nomprov": "Córdoba"
    },
    {
      "nomloc": "Almafuerte",
      "nomprov": "Córdoba"
    },
    {
      "nomloc": "Laborde",
      "nomprov": "Córdoba"
    },
    {
      "nomloc": "Hernando",
      "nomprov": "Córdoba"
    },
    {
      "nomloc": "James Craik",
      "nomprov": "Córdoba"
    },
    {
      "nomloc": "Las Perdices",
      "nomprov": "Córdoba"
    },
    {
      "nomloc": "Oliva",
      "nomprov": "Córdoba"
    },
    {
      "nomloc": "Río Tercero",
      "nomprov": "Córdoba"
    },
    {
      "nomloc": "Villa Ascasubi",
      "nomprov": "Córdoba"
    },
    {
      "nomloc": "Villa del Totoral",
      "nomprov": "Córdoba"
    },
    {
      "nomloc": "San José de la Dormida",
      "nomprov": "Córdoba"
    },
    {
      "nomloc": "Ballesteros",
      "nomprov": "Córdoba"
    },
    {
      "nomloc": "General Galarza",
      "nomprov": "Entre Ríos"
    },
    {
      "nomloc": "Bell Ville",
      "nomprov": "Córdoba"
    },
    {
      "nomloc": "Justiniano Posse",
      "nomprov": "Córdoba"
    },
    {
      "nomloc": "Monte Maíz",
      "nomprov": "Córdoba"
    },
    {
      "nomloc": "Morrison",
      "nomprov": "Córdoba"
    },
    {
      "nomloc": "Noetinger",
      "nomprov": "Córdoba"
    },
    {
      "nomloc": "Ordoñez",
      "nomprov": "Córdoba"
    },
    {
      "nomloc": "Pascanas",
      "nomprov": "Córdoba"
    },
    {
      "nomloc": "Villa Atuel",
      "nomprov": "Mendoza"
    },
    {
      "nomloc": "San Marcos",
      "nomprov": "Córdoba"
    },
    {
      "nomloc": "Laguna Brava",
      "nomprov": "Corrientes"
    },
    {
      "nomloc": "Concepción",
      "nomprov": "Corrientes"
    },
    {
      "nomloc": "Bigand",
      "nomprov": "Santa Fe"
    },
    {
      "nomloc": "Bella Vista",
      "nomprov": "Corrientes"
    },
    {
      "nomloc": "Corrientes",
      "nomprov": "Corrientes"
    },
    {
      "nomloc": "Santa Rosa",
      "nomprov": "Corrientes"
    },
    {
      "nomloc": "Lavalle",
      "nomprov": "Corrientes"
    },
    {
      "nomloc": "Santa Sylvina",
      "nomprov": "Chaco"
    },
    {
      "nomloc": "Curuzú Cuatiá",
      "nomprov": "Corrientes"
    },
    {
      "nomloc": "Perugorría",
      "nomprov": "Corrientes"
    },
    {
      "nomloc": "Monte Caseros",
      "nomprov": "Corrientes"
    },
    {
      "nomloc": "Corzuela",
      "nomprov": "Chaco"
    },
    {
      "nomloc": "Pampa Blanca",
      "nomprov": "Jujuy"
    },
    {
      "nomloc": "Empedrado",
      "nomprov": "Corrientes"
    },
    {
      "nomloc": "Esquina",
      "nomprov": "Corrientes"
    },
    {
      "nomloc": "Margarita Belén",
      "nomprov": "Chaco"
    },
    {
      "nomloc": "Quitilipi",
      "nomprov": "Chaco"
    },
    {
      "nomloc": "Alvear",
      "nomprov": "Corrientes"
    },
    {
      "nomloc": "Itá Ibaté",
      "nomprov": "Corrientes"
    },
    {
      "nomloc": "Nuestra Señora del Rosario de Caá Catí",
      "nomprov": "Corrientes"
    },
    {
      "nomloc": "Goya",
      "nomprov": "Corrientes"
    },
    {
      "nomloc": "San Lorenzo",
      "nomprov": "Corrientes"
    },
    {
      "nomloc": "Villa Berthet",
      "nomprov": "Chaco"
    },
    {
      "nomloc": "Itatí",
      "nomprov": "Corrientes"
    },
    {
      "nomloc": "San Carlos",
      "nomprov": "Corrientes"
    },
    {
      "nomloc": "Colonia Elisa",
      "nomprov": "Chaco"
    },
    {
      "nomloc": "Sauzal",
      "nomprov": "Jujuy"
    },
    {
      "nomloc": "Santa Lucía",
      "nomprov": "Corrientes"
    },
    {
      "nomloc": "Mburucuyá",
      "nomprov": "Corrientes"
    },
    {
      "nomloc": "San Cosme",
      "nomprov": "Corrientes"
    },
    {
      "nomloc": "Mercedes",
      "nomprov": "Corrientes"
    },
    {
      "nomloc": "Mocoretá",
      "nomprov": "Corrientes"
    },
    {
      "nomloc": "Paso de los Libres",
      "nomprov": "Corrientes"
    },
    {
      "nomloc": "Saladas",
      "nomprov": "Corrientes"
    },
    {
      "nomloc": "Colonias Unidas",
      "nomprov": "Chaco"
    },
    {
      "nomloc": "Paso de la Patria",
      "nomprov": "Corrientes"
    },
    {
      "nomloc": "San Luis del Palmar",
      "nomprov": "Corrientes"
    },
    {
      "nomloc": "La Cruz",
      "nomprov": "Corrientes"
    },
    {
      "nomloc": "Las Garcitas",
      "nomprov": "Chaco"
    },
    {
      "nomloc": "San Miguel",
      "nomprov": "Corrientes"
    },
    {
      "nomloc": "Chavarría",
      "nomprov": "Corrientes"
    },
    {
      "nomloc": "Taco Pozo",
      "nomprov": "Chaco"
    },
    {
      "nomloc": "La Leonesa",
      "nomprov": "Chaco"
    },
    {
      "nomloc": "9 de Julio",
      "nomprov": "Corrientes"
    },
    {
      "nomloc": "San Roque",
      "nomprov": "Corrientes"
    },
    {
      "nomloc": "Sauce",
      "nomprov": "Corrientes"
    },
    {
      "nomloc": "Concepción del Bermejo",
      "nomprov": "Chaco"
    },
    {
      "nomloc": "Los Frentones",
      "nomprov": "Chaco"
    },
    {
      "nomloc": "Pampa del Infierno",
      "nomprov": "Chaco"
    },
    {
      "nomloc": "Las Palmas",
      "nomprov": "Chaco"
    },
    {
      "nomloc": "Presidencia Roque Sáenz Peña",
      "nomprov": "Chaco"
    },
    {
      "nomloc": "Charata",
      "nomprov": "Chaco"
    },
    {
      "nomloc": "Gancedo",
      "nomprov": "Chaco"
    },
    {
      "nomloc": "La Verde",
      "nomprov": "Chaco"
    },
    {
      "nomloc": "Makallé",
      "nomprov": "Chaco"
    },
    {
      "nomloc": "El Sauzalito",
      "nomprov": "Chaco"
    },
    {
      "nomloc": "Juan José Castelli",
      "nomprov": "Chaco"
    },
    {
      "nomloc": "Miraflores",
      "nomprov": "Chaco"
    },
    {
      "nomloc": "Machagai",
      "nomprov": "Chaco"
    },
    {
      "nomloc": "Puerto Madryn",
      "nomprov": "Chubut"
    },
    {
      "nomloc": "Nueva Pompeya",
      "nomprov": "Chaco"
    },
    {
      "nomloc": "Avia Terai",
      "nomprov": "Chaco"
    },
    {
      "nomloc": "Campo Largo",
      "nomprov": "Chaco"
    },
    {
      "nomloc": "Napenay",
      "nomprov": "Chaco"
    },
    {
      "nomloc": "Puerto Tirol",
      "nomprov": "Chaco"
    },
    {
      "nomloc": "El Piquete",
      "nomprov": "Jujuy"
    },
    {
      "nomloc": "General José de San Martín",
      "nomprov": "Chaco"
    },
    {
      "nomloc": "Pampa del Indio",
      "nomprov": "Chaco"
    },
    {
      "nomloc": "Presidencia Roca",
      "nomprov": "Chaco"
    },
    {
      "nomloc": "Tres Isletas",
      "nomprov": "Chaco"
    },
    {
      "nomloc": "Coronel Du Graty",
      "nomprov": "Chaco"
    },
    {
      "nomloc": "Villa Angela",
      "nomprov": "Chaco"
    },
    {
      "nomloc": "Las Breñas",
      "nomprov": "Chaco"
    },
    {
      "nomloc": "La Clotilde",
      "nomprov": "Chaco"
    },
    {
      "nomloc": "La Tigra",
      "nomprov": "Chaco"
    },
    {
      "nomloc": "San Bernardo",
      "nomprov": "Chaco"
    },
    {
      "nomloc": "Presidencia de la Plaza",
      "nomprov": "Chaco"
    },
    {
      "nomloc": "Colonia Benítez",
      "nomprov": "Chaco"
    },
    {
      "nomloc": "El Maitén",
      "nomprov": "Chubut"
    },
    {
      "nomloc": "Lago Puelo",
      "nomprov": "Chubut"
    },
    {
      "nomloc": "Comodoro Rivadavia",
      "nomprov": "Chubut"
    },
    {
      "nomloc": "Río Mayo",
      "nomprov": "Chubut"
    },
    {
      "nomloc": "Rada Tilly",
      "nomprov": "Chubut"
    },
    {
      "nomloc": "Esquel",
      "nomprov": "Chubut"
    },
    {
      "nomloc": "Trevelín",
      "nomprov": "Chubut"
    },
    {
      "nomloc": "Dolavon",
      "nomprov": "Chubut"
    },
    {
      "nomloc": "Gaiman",
      "nomprov": "Chubut"
    },
    {
      "nomloc": "Realicó",
      "nomprov": "La Pampa"
    },
    {
      "nomloc": "Playa Unión",
      "nomprov": "Chubut"
    },
    {
      "nomloc": "Rawson",
      "nomprov": "Chubut"
    },
    {
      "nomloc": "Aldea Valle María",
      "nomprov": "Entre Ríos"
    },
    {
      "nomloc": "Trelew",
      "nomprov": "Chubut"
    },
    {
      "nomloc": "Sarmiento",
      "nomprov": "Chubut"
    },
    {
      "nomloc": "Gobernador Costa",
      "nomprov": "Chubut"
    },
    {
      "nomloc": "Larroque",
      "nomprov": "Entre Ríos"
    },
    {
      "nomloc": "Colón",
      "nomprov": "Entre Ríos"
    },
    {
      "nomloc": "General Ramírez",
      "nomprov": "Entre Ríos"
    },
    {
      "nomloc": "San José",
      "nomprov": "Entre Ríos"
    },
    {
      "nomloc": "Ubajay",
      "nomprov": "Entre Ríos"
    },
    {
      "nomloc": "Villa  Elisa",
      "nomprov": "Entre Ríos"
    },
    {
      "nomloc": "Concordia",
      "nomprov": "Entre Ríos"
    },
    {
      "nomloc": "Los Charrúas",
      "nomprov": "Entre Ríos"
    },
    {
      "nomloc": "Diamante",
      "nomprov": "Entre Ríos"
    },
    {
      "nomloc": "Villa Libertador San Martín",
      "nomprov": "Entre Ríos"
    },
    {
      "nomloc": "San José de Feliciano",
      "nomprov": "Entre Ríos"
    },
    {
      "nomloc": "Chajarí",
      "nomprov": "Entre Ríos"
    },
    {
      "nomloc": "Federación",
      "nomprov": "Entre Ríos"
    },
    {
      "nomloc": "San Jaime de la Frontera",
      "nomprov": "Entre Ríos"
    },
    {
      "nomloc": "Villa del Rosario",
      "nomprov": "Entre Ríos"
    },
    {
      "nomloc": "Federal",
      "nomprov": "Entre Ríos"
    },
    {
      "nomloc": "Sauce de Luna",
      "nomprov": "Entre Ríos"
    },
    {
      "nomloc": "Nonogasta",
      "nomprov": "La Rioja"
    },
    {
      "nomloc": "Gualeguay",
      "nomprov": "Entre Ríos"
    },
    {
      "nomloc": "Gualeguaychú",
      "nomprov": "Entre Ríos"
    },
    {
      "nomloc": "San José",
      "nomprov": "Misiones"
    },
    {
      "nomloc": "Pueblo General Belgrano",
      "nomprov": "Entre Ríos"
    },
    {
      "nomloc": "Urdinarrain",
      "nomprov": "Entre Ríos"
    },
    {
      "nomloc": "Ibicuy",
      "nomprov": "Entre Ríos"
    },
    {
      "nomloc": "Alcaraz",
      "nomprov": "Entre Ríos"
    },
    {
      "nomloc": "Peyrano",
      "nomprov": "Santa Fe"
    },
    {
      "nomloc": "Bovril",
      "nomprov": "Entre Ríos"
    },
    {
      "nomloc": "La Paz",
      "nomprov": "Entre Ríos"
    },
    {
      "nomloc": "Santa Elena",
      "nomprov": "Entre Ríos"
    },
    {
      "nomloc": "Lucas González",
      "nomprov": "Entre Ríos"
    },
    {
      "nomloc": "Nogoyá",
      "nomprov": "Entre Ríos"
    },
    {
      "nomloc": "Cerrito",
      "nomprov": "Entre Ríos"
    },
    {
      "nomloc": "Colonia Avellaneda",
      "nomprov": "Entre Ríos"
    },
    {
      "nomloc": "Viale",
      "nomprov": "Entre Ríos"
    },
    {
      "nomloc": "Crespo",
      "nomprov": "Entre Ríos"
    },
    {
      "nomloc": "Hasenkamp",
      "nomprov": "Entre Ríos"
    },
    {
      "nomloc": "General Campos",
      "nomprov": "Entre Ríos"
    },
    {
      "nomloc": "Santa Teresa",
      "nomprov": "Santa Fe"
    },
    {
      "nomloc": "Hernandarias",
      "nomprov": "Entre Ríos"
    },
    {
      "nomloc": "María Grande",
      "nomprov": "Entre Ríos"
    },
    {
      "nomloc": "San Salvador",
      "nomprov": "Entre Ríos"
    },
    {
      "nomloc": "Gobernador Mansilla",
      "nomprov": "Entre Ríos"
    },
    {
      "nomloc": "Colonia Las Rosas",
      "nomprov": "Mendoza"
    },
    {
      "nomloc": "Oro Verde",
      "nomprov": "Entre Ríos"
    },
    {
      "nomloc": "Paraná",
      "nomprov": "Entre Ríos"
    },
    {
      "nomloc": "San Benito",
      "nomprov": "Entre Ríos"
    },
    {
      "nomloc": "Maciá",
      "nomprov": "Entre Ríos"
    },
    {
      "nomloc": "Sauce Montrull",
      "nomprov": "Entre Ríos"
    },
    {
      "nomloc": "Seguí",
      "nomprov": "Entre Ríos"
    },
    {
      "nomloc": "Laguna Yema",
      "nomprov": "Formosa"
    },
    {
      "nomloc": "Formosa",
      "nomprov": "Formosa"
    },
    {
      "nomloc": "Rosario del Tala",
      "nomprov": "Entre Ríos"
    },
    {
      "nomloc": "Basavilbaso",
      "nomprov": "Entre Ríos"
    },
    {
      "nomloc": "Victoria",
      "nomprov": "Entre Ríos"
    },
    {
      "nomloc": "Villa Clara",
      "nomprov": "Entre Ríos"
    },
    {
      "nomloc": "Comandante Fontana",
      "nomprov": "Formosa"
    },
    {
      "nomloc": "Villaguay",
      "nomprov": "Entre Ríos"
    },
    {
      "nomloc": "Pozo del Tigre",
      "nomprov": "Formosa"
    },
    {
      "nomloc": "Villa del Carmen",
      "nomprov": "Formosa"
    },
    {
      "nomloc": "General Lucio V. Mansilla",
      "nomprov": "Formosa"
    },
    {
      "nomloc": "San Martín II",
      "nomprov": "Formosa"
    },
    {
      "nomloc": "Herradura",
      "nomprov": "Formosa"
    },
    {
      "nomloc": "San Francisco de Laishi",
      "nomprov": "Formosa"
    },
    {
      "nomloc": "Ingeniero Guillermo N. Juárez",
      "nomprov": "Formosa"
    },
    {
      "nomloc": "Estanislao del Campo",
      "nomprov": "Formosa"
    },
    {
      "nomloc": "Ibarreta",
      "nomprov": "Formosa"
    },
    {
      "nomloc": "Las Lomitas",
      "nomprov": "Formosa"
    },
    {
      "nomloc": "Villa General Güemes",
      "nomprov": "Formosa"
    },
    {
      "nomloc": "Villa General Manuel Belgrano",
      "nomprov": "Formosa"
    },
    {
      "nomloc": "Pirané",
      "nomprov": "Formosa"
    },
    {
      "nomloc": "El Espinillo",
      "nomprov": "Formosa"
    },
    {
      "nomloc": "Misión Tacaaglé",
      "nomprov": "Formosa"
    },
    {
      "nomloc": "Clorinda",
      "nomprov": "Formosa"
    },
    {
      "nomloc": "Laguna Blanca",
      "nomprov": "Formosa"
    },
    {
      "nomloc": "Laguna Naick-Neck",
      "nomprov": "Formosa"
    },
    {
      "nomloc": "Riacho He-He",
      "nomprov": "Formosa"
    },
    {
      "nomloc": "Colonia Campo Villafañe",
      "nomprov": "Formosa"
    },
    {
      "nomloc": "El Colorado",
      "nomprov": "Formosa"
    },
    {
      "nomloc": "Palo Santo",
      "nomprov": "Formosa"
    },
    {
      "nomloc": "El Potrillo",
      "nomprov": "Formosa"
    },
    {
      "nomloc": "Abra Pampa",
      "nomprov": "Jujuy"
    },
    {
      "nomloc": "Aguas Calientes",
      "nomprov": "Jujuy"
    },
    {
      "nomloc": "Hipólito Yrigoyen",
      "nomprov": "Salta"
    },
    {
      "nomloc": "El Carmen",
      "nomprov": "Jujuy"
    },
    {
      "nomloc": "Loteo San Vicente",
      "nomprov": "Jujuy"
    },
    {
      "nomloc": "Monterrico",
      "nomprov": "Jujuy"
    },
    {
      "nomloc": "Perico",
      "nomprov": "Jujuy"
    },
    {
      "nomloc": "San Salvador de Jujuy",
      "nomprov": "Jujuy"
    },
    {
      "nomloc": "Yala",
      "nomprov": "Jujuy"
    },
    {
      "nomloc": "El Talar",
      "nomprov": "Jujuy"
    },
    {
      "nomloc": "El Aguilar",
      "nomprov": "Jujuy"
    },
    {
      "nomloc": "Humahuaca",
      "nomprov": "Jujuy"
    },
    {
      "nomloc": "Caimancito",
      "nomprov": "Jujuy"
    },
    {
      "nomloc": "Calilegua",
      "nomprov": "Jujuy"
    },
    {
      "nomloc": "Palma Sola",
      "nomprov": "Jujuy"
    },
    {
      "nomloc": "Fraile Pintado",
      "nomprov": "Jujuy"
    },
    {
      "nomloc": "Libertador General San Martín",
      "nomprov": "Jujuy"
    },
    {
      "nomloc": "Yuto",
      "nomprov": "Jujuy"
    },
    {
      "nomloc": "Palpalá",
      "nomprov": "Jujuy"
    },
    {
      "nomloc": "La Esperanza",
      "nomprov": "Jujuy"
    },
    {
      "nomloc": "La Mendieta",
      "nomprov": "Jujuy"
    },
    {
      "nomloc": "Miraflores",
      "nomprov": "Jujuy"
    },
    {
      "nomloc": "Parapetí",
      "nomprov": "Jujuy"
    },
    {
      "nomloc": "San Pedro",
      "nomprov": "Jujuy"
    },
    {
      "nomloc": "Santa Clara",
      "nomprov": "Jujuy"
    },
    {
      "nomloc": "Maimará",
      "nomprov": "Jujuy"
    },
    {
      "nomloc": "Tilcara",
      "nomprov": "Jujuy"
    },
    {
      "nomloc": "La Quiaca",
      "nomprov": "Jujuy"
    },
    {
      "nomloc": "Macachín",
      "nomprov": "La Pampa"
    },
    {
      "nomloc": "Miguel Riglos",
      "nomprov": "La Pampa"
    },
    {
      "nomloc": "La Adela",
      "nomprov": "La Pampa"
    },
    {
      "nomloc": "Jacinto Aráuz",
      "nomprov": "La Pampa"
    },
    {
      "nomloc": "Santa Rosa",
      "nomprov": "La Pampa"
    },
    {
      "nomloc": "Catriló",
      "nomprov": "La Pampa"
    },
    {
      "nomloc": "Caleufú",
      "nomprov": "La Pampa"
    },
    {
      "nomloc": "Eduardo Castex",
      "nomprov": "La Pampa"
    },
    {
      "nomloc": "Winifreda",
      "nomprov": "La Pampa"
    },
    {
      "nomloc": "Santa Isabel",
      "nomprov": "La Pampa"
    },
    {
      "nomloc": "Intendente Alvear",
      "nomprov": "La Pampa"
    },
    {
      "nomloc": "Guatraché",
      "nomprov": "La Pampa"
    },
    {
      "nomloc": "General San Martín",
      "nomprov": "La Pampa"
    },
    {
      "nomloc": "Victorica",
      "nomprov": "La Pampa"
    },
    {
      "nomloc": "General Pico",
      "nomprov": "La Pampa"
    },
    {
      "nomloc": "25 de Mayo",
      "nomprov": "La Pampa"
    },
    {
      "nomloc": "Colonia Barón",
      "nomprov": "La Pampa"
    },
    {
      "nomloc": "Quemú Quemú",
      "nomprov": "La Pampa"
    },
    {
      "nomloc": "Toay",
      "nomprov": "La Pampa"
    },
    {
      "nomloc": "Trenel",
      "nomprov": "La Pampa"
    },
    {
      "nomloc": "General Acha",
      "nomprov": "La Pampa"
    },
    {
      "nomloc": "Aimogasta",
      "nomprov": "La Rioja"
    },
    {
      "nomloc": "Arauco",
      "nomprov": "La Rioja"
    },
    {
      "nomloc": "La Rioja",
      "nomprov": "La Rioja"
    },
    {
      "nomloc": "Guandacol",
      "nomprov": "La Rioja"
    },
    {
      "nomloc": "Vichigasta",
      "nomprov": "La Rioja"
    },
    {
      "nomloc": "9 de Julio",
      "nomprov": "San Juan"
    },
    {
      "nomloc": "Villa Unión",
      "nomprov": "La Rioja"
    },
    {
      "nomloc": "Chamical",
      "nomprov": "La Rioja"
    },
    {
      "nomloc": "Chilecito",
      "nomprov": "La Rioja"
    },
    {
      "nomloc": "Famatina",
      "nomprov": "La Rioja"
    },
    {
      "nomloc": "Villa Sanagasta",
      "nomprov": "La Rioja"
    },
    {
      "nomloc": "Olta",
      "nomprov": "La Rioja"
    },
    {
      "nomloc": "Milagro",
      "nomprov": "La Rioja"
    },
    {
      "nomloc": "Ulapes",
      "nomprov": "La Rioja"
    },
    {
      "nomloc": "Mendoza",
      "nomprov": "Mendoza"
    },
    {
      "nomloc": "Carlos Pellegrini",
      "nomprov": "Santa Fe"
    },
    {
      "nomloc": "Villa San José de Vinchina",
      "nomprov": "La Rioja"
    },
    {
      "nomloc": "Chepes",
      "nomprov": "La Rioja"
    },
    {
      "nomloc": "Salicas - San Blas",
      "nomprov": "La Rioja"
    },
    {
      "nomloc": "Bowen",
      "nomprov": "Mendoza"
    },
    {
      "nomloc": "General Alvear",
      "nomprov": "Mendoza"
    },
    {
      "nomloc": "Godoy Cruz",
      "nomprov": "Mendoza"
    },
    {
      "nomloc": "Colonia Segovia",
      "nomprov": "Mendoza"
    },
    {
      "nomloc": "Guaymallén",
      "nomprov": "Mendoza"
    },
    {
      "nomloc": "Puente de Hierro",
      "nomprov": "Mendoza"
    },
    {
      "nomloc": "Junín",
      "nomprov": "Mendoza"
    },
    {
      "nomloc": "La Colonia",
      "nomprov": "Mendoza"
    },
    {
      "nomloc": "Los Barriales",
      "nomprov": "Mendoza"
    },
    {
      "nomloc": "Medrano",
      "nomprov": "Mendoza"
    },
    {
      "nomloc": "Costa de Araujo",
      "nomprov": "Mendoza"
    },
    {
      "nomloc": "La Paz",
      "nomprov": "Mendoza"
    },
    {
      "nomloc": "Las Heras",
      "nomprov": "Mendoza"
    },
    {
      "nomloc": "Villa Tulumaya",
      "nomprov": "Mendoza"
    },
    {
      "nomloc": "Agrelo",
      "nomprov": "Mendoza"
    },
    {
      "nomloc": "Luján de Cuyo",
      "nomprov": "Mendoza"
    },
    {
      "nomloc": "Uspallata",
      "nomprov": "Mendoza"
    },
    {
      "nomloc": "Perdriel",
      "nomprov": "Mendoza"
    },
    {
      "nomloc": "Rodeo del Medio",
      "nomprov": "Mendoza"
    },
    {
      "nomloc": "Ugarteche",
      "nomprov": "Mendoza"
    },
    {
      "nomloc": "Fray Luis Beltrán",
      "nomprov": "Mendoza"
    },
    {
      "nomloc": "Maipú",
      "nomprov": "Mendoza"
    },
    {
      "nomloc": "San Roque",
      "nomprov": "Mendoza"
    },
    {
      "nomloc": "Malargüe",
      "nomprov": "Mendoza"
    },
    {
      "nomloc": "Medrano",
      "nomprov": "Mendoza"
    },
    {
      "nomloc": "Monte Comán",
      "nomprov": "Mendoza"
    },
    {
      "nomloc": "Rivadavia",
      "nomprov": "Mendoza"
    },
    {
      "nomloc": "La Consulta",
      "nomprov": "Mendoza"
    },
    {
      "nomloc": "San Carlos",
      "nomprov": "Mendoza"
    },
    {
      "nomloc": "San Martín",
      "nomprov": "Mendoza"
    },
    {
      "nomloc": "Eugenio Bustos",
      "nomprov": "Mendoza"
    },
    {
      "nomloc": "Tres Porteñas",
      "nomprov": "Mendoza"
    },
    {
      "nomloc": "Goudge",
      "nomprov": "Mendoza"
    },
    {
      "nomloc": "La Dormida",
      "nomprov": "Mendoza"
    },
    {
      "nomloc": "Las Catitas",
      "nomprov": "Mendoza"
    },
    {
      "nomloc": "Santa Rosa",
      "nomprov": "Mendoza"
    },
    {
      "nomloc": "Tunuyán",
      "nomprov": "Mendoza"
    },
    {
      "nomloc": "Vista Flores",
      "nomprov": "Mendoza"
    },
    {
      "nomloc": "Estación Apóstoles",
      "nomprov": "Misiones"
    },
    {
      "nomloc": "Tupungato",
      "nomprov": "Mendoza"
    },
    {
      "nomloc": "Apóstoles",
      "nomprov": "Misiones"
    },
    {
      "nomloc": "Azara",
      "nomprov": "Misiones"
    },
    {
      "nomloc": "Aristóbulo del Valle",
      "nomprov": "Misiones"
    },
    {
      "nomloc": "Campo Grande",
      "nomprov": "Misiones"
    },
    {
      "nomloc": "Concepción de la Sierra",
      "nomprov": "Misiones"
    },
    {
      "nomloc": "Eldorado",
      "nomprov": "Misiones"
    },
    {
      "nomloc": "Dos de Mayo",
      "nomprov": "Misiones"
    },
    {
      "nomloc": "Salto Encantado",
      "nomprov": "Misiones"
    },
    {
      "nomloc": "María Magdalena",
      "nomprov": "Misiones"
    },
    {
      "nomloc": "Santo Pipó",
      "nomprov": "Misiones"
    },
    {
      "nomloc": "Candelaria",
      "nomprov": "Misiones"
    },
    {
      "nomloc": "Santa Ana",
      "nomprov": "Misiones"
    },
    {
      "nomloc": "Garupá",
      "nomprov": "Misiones"
    },
    {
      "nomloc": "Nemesio Parma",
      "nomprov": "Misiones"
    },
    {
      "nomloc": "Posadas",
      "nomprov": "Misiones"
    },
    {
      "nomloc": "Posadas (Extensión)",
      "nomprov": "Misiones"
    },
    {
      "nomloc": "Puerto Pinares",
      "nomprov": "Misiones"
    },
    {
      "nomloc": "Comandante Andresito",
      "nomprov": "Misiones"
    },
    {
      "nomloc": "Bernardo de Irigoyen",
      "nomprov": "Misiones"
    },
    {
      "nomloc": "San Antonio",
      "nomprov": "Misiones"
    },
    {
      "nomloc": "El Soberbio",
      "nomprov": "Misiones"
    },
    {
      "nomloc": "San Vicente",
      "nomprov": "Misiones"
    },
    {
      "nomloc": "El Alcázar",
      "nomprov": "Misiones"
    },
    {
      "nomloc": "Puerto Esperanza",
      "nomprov": "Misiones"
    },
    {
      "nomloc": "Puerto Libertad",
      "nomprov": "Misiones"
    },
    {
      "nomloc": "Colonia Wanda",
      "nomprov": "Misiones"
    },
    {
      "nomloc": "Puerto Iguazú",
      "nomprov": "Misiones"
    },
    {
      "nomloc": "Cerro Azul",
      "nomprov": "Misiones"
    },
    {
      "nomloc": "Leandro N. Alem",
      "nomprov": "Misiones"
    },
    {
      "nomloc": "Capioví",
      "nomprov": "Misiones"
    },
    {
      "nomloc": "Guaraní",
      "nomprov": "Misiones"
    },
    {
      "nomloc": "Garuhapé",
      "nomprov": "Misiones"
    },
    {
      "nomloc": "Jardín América",
      "nomprov": "Misiones"
    },
    {
      "nomloc": "Puerto Rico",
      "nomprov": "Misiones"
    },
    {
      "nomloc": "Coronel Juan Solá",
      "nomprov": "Salta"
    },
    {
      "nomloc": "Montecarlo",
      "nomprov": "Misiones"
    },
    {
      "nomloc": "San Ignacio",
      "nomprov": "Misiones"
    },
    {
      "nomloc": "Puerto Piray",
      "nomprov": "Misiones"
    },
    {
      "nomloc": "Barrio Escuela 633",
      "nomprov": "Misiones"
    },
    {
      "nomloc": "Campo Viera",
      "nomprov": "Misiones"
    },
    {
      "nomloc": "Oberá",
      "nomprov": "Misiones"
    },
    {
      "nomloc": "Corpus",
      "nomprov": "Misiones"
    },
    {
      "nomloc": "Gobernador Roca",
      "nomprov": "Misiones"
    },
    {
      "nomloc": "Malabrigo",
      "nomprov": "Santa Fe"
    },
    {
      "nomloc": "San Javier",
      "nomprov": "Misiones"
    },
    {
      "nomloc": "San Pedro",
      "nomprov": "Misiones"
    },
    {
      "nomloc": "25 de Mayo",
      "nomprov": "Misiones"
    },
    {
      "nomloc": "Aluminé",
      "nomprov": "Neuquén"
    },
    {
      "nomloc": "Añelo",
      "nomprov": "Neuquén"
    },
    {
      "nomloc": "San Patricio del Chañar",
      "nomprov": "Neuquén"
    },
    {
      "nomloc": "Piedra del Águila",
      "nomprov": "Neuquén"
    },
    {
      "nomloc": "Centenario",
      "nomprov": "Neuquén"
    },
    {
      "nomloc": "Cutral Có",
      "nomprov": "Neuquén"
    },
    {
      "nomloc": "Neuquén",
      "nomprov": "Neuquén"
    },
    {
      "nomloc": "Senillosa",
      "nomprov": "Neuquén"
    },
    {
      "nomloc": "Picún Leufú",
      "nomprov": "Neuquén"
    },
    {
      "nomloc": "Villa Ana",
      "nomprov": "Santa Fe"
    },
    {
      "nomloc": "Plaza Huincul",
      "nomprov": "Neuquén"
    },
    {
      "nomloc": "Plottier",
      "nomprov": "Neuquén"
    },
    {
      "nomloc": "Zapala",
      "nomprov": "Neuquén"
    },
    {
      "nomloc": "Viedma",
      "nomprov": "Río Negro"
    },
    {
      "nomloc": "Chos Malal",
      "nomprov": "Neuquén"
    },
    {
      "nomloc": "Junín de los Andes",
      "nomprov": "Neuquén"
    },
    {
      "nomloc": "San Martín de los Andes",
      "nomprov": "Neuquén"
    },
    {
      "nomloc": "Loncopué",
      "nomprov": "Neuquén"
    },
    {
      "nomloc": "Villa La Angostura",
      "nomprov": "Neuquén"
    },
    {
      "nomloc": "Andacollo",
      "nomprov": "Neuquén"
    },
    {
      "nomloc": "Calchaquí",
      "nomprov": "Santa Fe"
    },
    {
      "nomloc": "Buta Ranquil",
      "nomprov": "Neuquén"
    },
    {
      "nomloc": "Rincón de los Sauces",
      "nomprov": "Neuquén"
    },
    {
      "nomloc": "Luis Beltrán",
      "nomprov": "Río Negro"
    },
    {
      "nomloc": "El Bolsón",
      "nomprov": "Río Negro"
    },
    {
      "nomloc": "San Carlos de Bariloche",
      "nomprov": "Río Negro"
    },
    {
      "nomloc": "Las Lajas",
      "nomprov": "Neuquén"
    },
    {
      "nomloc": "General Conesa",
      "nomprov": "Río Negro"
    },
    {
      "nomloc": "Las Perlas",
      "nomprov": "Río Negro"
    },
    {
      "nomloc": "La Gallareta",
      "nomprov": "Santa Fe"
    },
    {
      "nomloc": "Mariano Moreno",
      "nomprov": "Neuquén"
    },
    {
      "nomloc": "Chimpay",
      "nomprov": "Río Negro"
    },
    {
      "nomloc": "General Enrique Godoy",
      "nomprov": "Río Negro"
    },
    {
      "nomloc": "Casilda",
      "nomprov": "Santa Fe"
    },
    {
      "nomloc": "Choele Choel",
      "nomprov": "Río Negro"
    },
    {
      "nomloc": "Lamarque",
      "nomprov": "Río Negro"
    },
    {
      "nomloc": "Dina Huapi",
      "nomprov": "Río Negro"
    },
    {
      "nomloc": "Allen",
      "nomprov": "Río Negro"
    },
    {
      "nomloc": "Las Grutas",
      "nomprov": "Río Negro"
    },
    {
      "nomloc": "Catriel",
      "nomprov": "Río Negro"
    },
    {
      "nomloc": "Cervantes",
      "nomprov": "Río Negro"
    },
    {
      "nomloc": "Chichinales",
      "nomprov": "Río Negro"
    },
    {
      "nomloc": "Cinco Saltos",
      "nomprov": "Río Negro"
    },
    {
      "nomloc": "Cipolletti",
      "nomprov": "Río Negro"
    },
    {
      "nomloc": "General Fernández Oro",
      "nomprov": "Río Negro"
    },
    {
      "nomloc": "General Roca",
      "nomprov": "Río Negro"
    },
    {
      "nomloc": "San Antonio Oeste",
      "nomprov": "Río Negro"
    },
    {
      "nomloc": "Ingeniero Luis A. Huergo",
      "nomprov": "Río Negro"
    },
    {
      "nomloc": "Villa Manzano",
      "nomprov": "Río Negro"
    },
    {
      "nomloc": "Sierra Grande",
      "nomprov": "Río Negro"
    },
    {
      "nomloc": "Villa Regina",
      "nomprov": "Río Negro"
    },
    {
      "nomloc": "Río Colorado",
      "nomprov": "Río Negro"
    },
    {
      "nomloc": "Valcheta",
      "nomprov": "Río Negro"
    },
    {
      "nomloc": "Ingeniero Jacobacci",
      "nomprov": "Río Negro"
    },
    {
      "nomloc": "Los Menucos",
      "nomprov": "Río Negro"
    },
    {
      "nomloc": "Maquinchao",
      "nomprov": "Río Negro"
    },
    {
      "nomloc": "Apolinario Saravia",
      "nomprov": "Salta"
    },
    {
      "nomloc": "El Quebrachal",
      "nomprov": "Salta"
    },
    {
      "nomloc": "Joaquín V. González",
      "nomprov": "Salta"
    },
    {
      "nomloc": "Las Lajitas",
      "nomprov": "Salta"
    },
    {
      "nomloc": "Cachi",
      "nomprov": "Salta"
    },
    {
      "nomloc": "Cafayate",
      "nomprov": "Salta"
    },
    {
      "nomloc": "Salta",
      "nomprov": "Salta"
    },
    {
      "nomloc": "San Lorenzo",
      "nomprov": "Salta"
    },
    {
      "nomloc": "La Merced",
      "nomprov": "Salta"
    },
    {
      "nomloc": "Chicoana",
      "nomprov": "Salta"
    },
    {
      "nomloc": "El Carril",
      "nomprov": "Salta"
    },
    {
      "nomloc": "Campo Santo",
      "nomprov": "Salta"
    },
    {
      "nomloc": "El Bordo",
      "nomprov": "Salta"
    },
    {
      "nomloc": "General Güemes",
      "nomprov": "Salta"
    },
    {
      "nomloc": "Aguaray",
      "nomprov": "Salta"
    },
    {
      "nomloc": "Coronel Cornejo",
      "nomprov": "Salta"
    },
    {
      "nomloc": "Margarita",
      "nomprov": "Santa Fe"
    },
    {
      "nomloc": "Embarcación",
      "nomprov": "Salta"
    },
    {
      "nomloc": "General Ballivián",
      "nomprov": "Salta"
    },
    {
      "nomloc": "General Mosconi",
      "nomprov": "Salta"
    },
    {
      "nomloc": "Villa Guillermina",
      "nomprov": "Santa Fe"
    },
    {
      "nomloc": "Misión El Cruce - El Milagro",
      "nomprov": "Salta"
    },
    {
      "nomloc": "Profesor Salvador Mazza",
      "nomprov": "Salta"
    },
    {
      "nomloc": "Tartagal",
      "nomprov": "Salta"
    },
    {
      "nomloc": "Guachipas",
      "nomprov": "Salta"
    },
    {
      "nomloc": "Coronel Moldes",
      "nomprov": "Salta"
    },
    {
      "nomloc": "Clodomira",
      "nomprov": "Santiago del Estero"
    },
    {
      "nomloc": "La Caldera",
      "nomprov": "Salta"
    },
    {
      "nomloc": "Vaqueros",
      "nomprov": "Salta"
    },
    {
      "nomloc": "El Tala",
      "nomprov": "Salta"
    },
    {
      "nomloc": "San Antonio de los Cobres",
      "nomprov": "Salta"
    },
    {
      "nomloc": "El Galpón",
      "nomprov": "Salta"
    },
    {
      "nomloc": "Colonia Santa Rosa",
      "nomprov": "Salta"
    },
    {
      "nomloc": "San José de Metán (Est. Metán)",
      "nomprov": "Salta"
    },
    {
      "nomloc": "Aguas Blancas",
      "nomprov": "Salta"
    },
    {
      "nomloc": "Pichanal",
      "nomprov": "Salta"
    },
    {
      "nomloc": "San Ramón de la Nueva Orán",
      "nomprov": "Salta"
    },
    {
      "nomloc": "Urundel",
      "nomprov": "Salta"
    },
    {
      "nomloc": "La Unión",
      "nomprov": "Salta"
    },
    {
      "nomloc": "Rivadavia",
      "nomprov": "Salta"
    },
    {
      "nomloc": "Rosario de Lerma",
      "nomprov": "Salta"
    },
    {
      "nomloc": "Rosario de la Frontera",
      "nomprov": "Salta"
    },
    {
      "nomloc": "San Carlos",
      "nomprov": "Salta"
    },
    {
      "nomloc": "Villa Don Bosco",
      "nomprov": "San Juan"
    },
    {
      "nomloc": "Campo Quijano",
      "nomprov": "Salta"
    },
    {
      "nomloc": "Caucete",
      "nomprov": "San Juan"
    },
    {
      "nomloc": "Villa General San Martín - Campo Afuera",
      "nomprov": "San Juan"
    },
    {
      "nomloc": "Villa El Salvador - Villa Sefair",
      "nomprov": "San Juan"
    },
    {
      "nomloc": "Barreal  - Villa Pituil",
      "nomprov": "San Juan"
    },
    {
      "nomloc": "Calingasta",
      "nomprov": "San Juan"
    },
    {
      "nomloc": "Alto de Sierra",
      "nomprov": "San Juan"
    },
    {
      "nomloc": "San Juan",
      "nomprov": "San Juan"
    },
    {
      "nomloc": "Chimbas",
      "nomprov": "San Juan"
    },
    {
      "nomloc": "Las Chacritas",
      "nomprov": "San Juan"
    },
    {
      "nomloc": "Rodeo",
      "nomprov": "San Juan"
    },
    {
      "nomloc": "San José de Jáchal",
      "nomprov": "San Juan"
    },
    {
      "nomloc": "Villa Aberastain - La Rinconada",
      "nomprov": "San Juan"
    },
    {
      "nomloc": "Villa Barboza - Villa Nacusi",
      "nomprov": "San Juan"
    },
    {
      "nomloc": "Santa Rosa del Conlara",
      "nomprov": "San Luis"
    },
    {
      "nomloc": "Juana Koslay",
      "nomprov": "San Luis"
    },
    {
      "nomloc": "Rawson",
      "nomprov": "San Juan"
    },
    {
      "nomloc": "Rivadavia",
      "nomprov": "San Juan"
    },
    {
      "nomloc": "Villa del Salvador",
      "nomprov": "San Juan"
    },
    {
      "nomloc": "Santa Lucía",
      "nomprov": "San Juan"
    },
    {
      "nomloc": "Villa Santa Rosa",
      "nomprov": "San Juan"
    },
    {
      "nomloc": "Los Berros",
      "nomprov": "San Juan"
    },
    {
      "nomloc": "Villa Media Agua",
      "nomprov": "San Juan"
    },
    {
      "nomloc": "Chabas",
      "nomprov": "Santa Fe"
    },
    {
      "nomloc": "Villa Ibáñez",
      "nomprov": "San Juan"
    },
    {
      "nomloc": "Villa San Agustín",
      "nomprov": "San Juan"
    },
    {
      "nomloc": "Villa Borjas - La Chimbera",
      "nomprov": "San Juan"
    },
    {
      "nomloc": "Villa Basilio Nievas",
      "nomprov": "San Juan"
    },
    {
      "nomloc": "Candelaria",
      "nomprov": "San Luis"
    },
    {
      "nomloc": "Concarán",
      "nomprov": "San Luis"
    },
    {
      "nomloc": "Luján",
      "nomprov": "San Luis"
    },
    {
      "nomloc": "Quines",
      "nomprov": "San Luis"
    },
    {
      "nomloc": "Naschel",
      "nomprov": "San Luis"
    },
    {
      "nomloc": "Tilisarao",
      "nomprov": "San Luis"
    },
    {
      "nomloc": "Justo Daract",
      "nomprov": "San Luis"
    },
    {
      "nomloc": "Villa Mercedes",
      "nomprov": "San Luis"
    },
    {
      "nomloc": "San Francisco del Monte de Oro",
      "nomprov": "San Luis"
    },
    {
      "nomloc": "La Toma",
      "nomprov": "San Luis"
    },
    {
      "nomloc": "Buena Esperanza",
      "nomprov": "San Luis"
    },
    {
      "nomloc": "Unión",
      "nomprov": "San Luis"
    },
    {
      "nomloc": "Merlo",
      "nomprov": "San Luis"
    },
    {
      "nomloc": "La Punta",
      "nomprov": "San Luis"
    },
    {
      "nomloc": "San Luis",
      "nomprov": "San Luis"
    },
    {
      "nomloc": "Chañar Ladeado",
      "nomprov": "Santa Fe"
    },
    {
      "nomloc": "Comandante Luis Piedrabuena",
      "nomprov": "Santa Cruz"
    },
    {
      "nomloc": "Puerto Santa Cruz",
      "nomprov": "Santa Cruz"
    },
    {
      "nomloc": "Pico Truncado",
      "nomprov": "Santa Cruz"
    },
    {
      "nomloc": "Puerto San Julián",
      "nomprov": "Santa Cruz"
    },
    {
      "nomloc": "Gobernador Gregores",
      "nomprov": "Santa Cruz"
    },
    {
      "nomloc": "Caleta Olivia",
      "nomprov": "Santa Cruz"
    },
    {
      "nomloc": "Las Heras",
      "nomprov": "Santa Cruz"
    },
    {
      "nomloc": "Lehmann",
      "nomprov": "Santa Fe"
    },
    {
      "nomloc": "Puerto Deseado",
      "nomprov": "Santa Cruz"
    },
    {
      "nomloc": "Río Gallegos",
      "nomprov": "Santa Cruz"
    },
    {
      "nomloc": "María Juana",
      "nomprov": "Santa Fe"
    },
    {
      "nomloc": "Yacimientos Río Turbio",
      "nomprov": "Santa Cruz"
    },
    {
      "nomloc": "Perito Moreno",
      "nomprov": "Santa Cruz"
    },
    {
      "nomloc": "Armstrong",
      "nomprov": "Santa Fe"
    },
    {
      "nomloc": "El Calafate",
      "nomprov": "Santa Cruz"
    },
    {
      "nomloc": "Los Antiguos",
      "nomprov": "Santa Cruz"
    },
    {
      "nomloc": "Las Parejas",
      "nomprov": "Santa Fe"
    },
    {
      "nomloc": "Las Rosas",
      "nomprov": "Santa Fe"
    },
    {
      "nomloc": "Montes de Oca",
      "nomprov": "Santa Fe"
    },
    {
      "nomloc": "Tortugas",
      "nomprov": "Santa Fe"
    },
    {
      "nomloc": "Arequito",
      "nomprov": "Santa Fe"
    },
    {
      "nomloc": "Los Quirquinchos",
      "nomprov": "Santa Fe"
    },
    {
      "nomloc": "San José de la Esquina",
      "nomprov": "Santa Fe"
    },
    {
      "nomloc": "Barrios Acapulco y Veracruz",
      "nomprov": "Santa Fe"
    },
    {
      "nomloc": "Frontera",
      "nomprov": "Santa Fe"
    },
    {
      "nomloc": "Humberto Primo",
      "nomprov": "Santa Fe"
    },
    {
      "nomloc": "Rafaela",
      "nomprov": "Santa Fe"
    },
    {
      "nomloc": "San Vicente",
      "nomprov": "Santa Fe"
    },
    {
      "nomloc": "Santa Clara de Saguier",
      "nomprov": "Santa Fe"
    },
    {
      "nomloc": "Máximo Paz",
      "nomprov": "Santa Fe"
    },
    {
      "nomloc": "Sunchales",
      "nomprov": "Santa Fe"
    },
    {
      "nomloc": "Alcorta",
      "nomprov": "Santa Fe"
    },
    {
      "nomloc": "Barrio Mitre",
      "nomprov": "Santa Fe"
    },
    {
      "nomloc": "Bombal",
      "nomprov": "Santa Fe"
    },
    {
      "nomloc": "Empalme Villa Constitución",
      "nomprov": "Santa Fe"
    },
    {
      "nomloc": "Villa Constitución",
      "nomprov": "Santa Fe"
    },
    {
      "nomloc": "Cayastá",
      "nomprov": "Santa Fe"
    },
    {
      "nomloc": "Helvecia",
      "nomprov": "Santa Fe"
    },
    {
      "nomloc": "Santa Rosa de Calchines",
      "nomprov": "Santa Fe"
    },
    {
      "nomloc": "Chovet",
      "nomprov": "Santa Fe"
    },
    {
      "nomloc": "Elortondo",
      "nomprov": "Santa Fe"
    },
    {
      "nomloc": "Firmat",
      "nomprov": "Santa Fe"
    },
    {
      "nomloc": "Hughes",
      "nomprov": "Santa Fe"
    },
    {
      "nomloc": "María Teresa",
      "nomprov": "Santa Fe"
    },
    {
      "nomloc": "Melincué",
      "nomprov": "Santa Fe"
    },
    {
      "nomloc": "Murphy",
      "nomprov": "Santa Fe"
    },
    {
      "nomloc": "Rufino",
      "nomprov": "Santa Fe"
    },
    {
      "nomloc": "San Gregorio",
      "nomprov": "Santa Fe"
    },
    {
      "nomloc": "Sancti Spiritu",
      "nomprov": "Santa Fe"
    },
    {
      "nomloc": "Santa Isabel",
      "nomprov": "Santa Fe"
    },
    {
      "nomloc": "Teodelina",
      "nomprov": "Santa Fe"
    },
    {
      "nomloc": "Villa Ocampo",
      "nomprov": "Santa Fe"
    },
    {
      "nomloc": "Venado Tuerto",
      "nomprov": "Santa Fe"
    },
    {
      "nomloc": "Villa Cañás",
      "nomprov": "Santa Fe"
    },
    {
      "nomloc": "Wheelwright",
      "nomprov": "Santa Fe"
    },
    {
      "nomloc": "Llambi Campbell",
      "nomprov": "Santa Fe"
    },
    {
      "nomloc": "Avellaneda",
      "nomprov": "Santa Fe"
    },
    {
      "nomloc": "Florencia",
      "nomprov": "Santa Fe"
    },
    {
      "nomloc": "Las Toscas",
      "nomprov": "Santa Fe"
    },
    {
      "nomloc": "Reconquista",
      "nomprov": "Santa Fe"
    },
    {
      "nomloc": "San Antonio de Obligado",
      "nomprov": "Santa Fe"
    },
    {
      "nomloc": "Tacuarendí",
      "nomprov": "Santa Fe"
    },
    {
      "nomloc": "Cañada de Gómez",
      "nomprov": "Santa Fe"
    },
    {
      "nomloc": "Correa",
      "nomprov": "Santa Fe"
    },
    {
      "nomloc": "Monte Vera",
      "nomprov": "Santa Fe"
    },
    {
      "nomloc": "Oliveros",
      "nomprov": "Santa Fe"
    },
    {
      "nomloc": "Serodino",
      "nomprov": "Santa Fe"
    },
    {
      "nomloc": "Totoras",
      "nomprov": "Santa Fe"
    },
    {
      "nomloc": "Villa Eloísa",
      "nomprov": "Santa Fe"
    },
    {
      "nomloc": "Arroyo Leyes",
      "nomprov": "Santa Fe"
    },
    {
      "nomloc": "Laguna Paiva",
      "nomprov": "Santa Fe"
    },
    {
      "nomloc": "Recreo",
      "nomprov": "Santa Fe"
    },
    {
      "nomloc": "Esperanza",
      "nomprov": "Santa Fe"
    },
    {
      "nomloc": "Bandera",
      "nomprov": "Santiago del Estero"
    },
    {
      "nomloc": "San José del Rincón",
      "nomprov": "Santa Fe"
    },
    {
      "nomloc": "Santa Fe",
      "nomprov": "Santa Fe"
    },
    {
      "nomloc": "Santo Tomé",
      "nomprov": "Santa Fe"
    },
    {
      "nomloc": "Sauce Viejo",
      "nomprov": "Santa Fe"
    },
    {
      "nomloc": "San Jerónimo Norte",
      "nomprov": "Santa Fe"
    },
    {
      "nomloc": "Franck",
      "nomprov": "Santa Fe"
    },
    {
      "nomloc": "Humboldt",
      "nomprov": "Santa Fe"
    },
    {
      "nomloc": "Pilar",
      "nomprov": "Santa Fe"
    },
    {
      "nomloc": "Progreso",
      "nomprov": "Santa Fe"
    },
    {
      "nomloc": "San Carlos Centro",
      "nomprov": "Santa Fe"
    },
    {
      "nomloc": "San Carlos Sud",
      "nomprov": "Santa Fe"
    },
    {
      "nomloc": "Tostado",
      "nomprov": "Santa Fe"
    },
    {
      "nomloc": "Villa Minetti",
      "nomprov": "Santa Fe"
    },
    {
      "nomloc": "Acébal",
      "nomprov": "Santa Fe"
    },
    {
      "nomloc": "Álvarez",
      "nomprov": "Santa Fe"
    },
    {
      "nomloc": "Alvear",
      "nomprov": "Santa Fe"
    },
    {
      "nomloc": "Arroyo Seco",
      "nomprov": "Santa Fe"
    },
    {
      "nomloc": "Coronel Bogado",
      "nomprov": "Santa Fe"
    },
    {
      "nomloc": "Fighiera",
      "nomprov": "Santa Fe"
    },
    {
      "nomloc": "Zavalla",
      "nomprov": "Santa Fe"
    },
    {
      "nomloc": "Ceres",
      "nomprov": "Santa Fe"
    },
    {
      "nomloc": "Hersilia",
      "nomprov": "Santa Fe"
    },
    {
      "nomloc": "Funes",
      "nomprov": "Santa Fe"
    },
    {
      "nomloc": "General Lagos",
      "nomprov": "Santa Fe"
    },
    {
      "nomloc": "Granadero Baigorria",
      "nomprov": "Santa Fe"
    },
    {
      "nomloc": "Ibarlucea",
      "nomprov": "Santa Fe"
    },
    {
      "nomloc": "Pérez",
      "nomprov": "Santa Fe"
    },
    {
      "nomloc": "Pueblo Esther",
      "nomprov": "Santa Fe"
    },
    {
      "nomloc": "Rosario",
      "nomprov": "Santa Fe"
    },
    {
      "nomloc": "Soldini",
      "nomprov": "Santa Fe"
    },
    {
      "nomloc": "Villa Gobernador Gálvez",
      "nomprov": "Santa Fe"
    },
    {
      "nomloc": "Moisés Ville",
      "nomprov": "Santa Fe"
    },
    {
      "nomloc": "San Cristóbal",
      "nomprov": "Santa Fe"
    },
    {
      "nomloc": "San Guillermo",
      "nomprov": "Santa Fe"
    },
    {
      "nomloc": "Suardi",
      "nomprov": "Santa Fe"
    },
    {
      "nomloc": "Villa Trinidad",
      "nomprov": "Santa Fe"
    },
    {
      "nomloc": "Alejandra",
      "nomprov": "Santa Fe"
    },
    {
      "nomloc": "Romang",
      "nomprov": "Santa Fe"
    },
    {
      "nomloc": "San Javier",
      "nomprov": "Santa Fe"
    },
    {
      "nomloc": "Maciel",
      "nomprov": "Santa Fe"
    },
    {
      "nomloc": "Pampa de los Guanacos",
      "nomprov": "Santiago del Estero"
    },
    {
      "nomloc": "Barrancas",
      "nomprov": "Santa Fe"
    },
    {
      "nomloc": "Centeno",
      "nomprov": "Santa Fe"
    },
    {
      "nomloc": "San Genaro",
      "nomprov": "Santa Fe"
    },
    {
      "nomloc": "Coronda",
      "nomprov": "Santa Fe"
    },
    {
      "nomloc": "Gaboto",
      "nomprov": "Santa Fe"
    },
    {
      "nomloc": "Gálvez",
      "nomprov": "Santa Fe"
    },
    {
      "nomloc": "Gobernador Crespo",
      "nomprov": "Santa Fe"
    },
    {
      "nomloc": "San Justo",
      "nomprov": "Santa Fe"
    },
    {
      "nomloc": "Videla",
      "nomprov": "Santa Fe"
    },
    {
      "nomloc": "Capitán Bermúdez",
      "nomprov": "Santa Fe"
    },
    {
      "nomloc": "Carcarañá",
      "nomprov": "Santa Fe"
    },
    {
      "nomloc": "Fray Luis Beltrán",
      "nomprov": "Santa Fe"
    },
    {
      "nomloc": "Fuentes",
      "nomprov": "Santa Fe"
    },
    {
      "nomloc": "Puerto General San Martín",
      "nomprov": "Santa Fe"
    },
    {
      "nomloc": "Pujato",
      "nomprov": "Santa Fe"
    },
    {
      "nomloc": "Ricardone",
      "nomprov": "Santa Fe"
    },
    {
      "nomloc": "Roldán",
      "nomprov": "Santa Fe"
    },
    {
      "nomloc": "San Jerónimo Sud",
      "nomprov": "Santa Fe"
    },
    {
      "nomloc": "San Lorenzo",
      "nomprov": "Santa Fe"
    },
    {
      "nomloc": "Timbúes",
      "nomprov": "Santa Fe"
    },
    {
      "nomloc": "Villa Mugueta",
      "nomprov": "Santa Fe"
    },
    {
      "nomloc": "Cañada Rosquín",
      "nomprov": "Santa Fe"
    },
    {
      "nomloc": "El Trébol",
      "nomprov": "Santa Fe"
    },
    {
      "nomloc": "María Susana",
      "nomprov": "Santa Fe"
    },
    {
      "nomloc": "Piamonte",
      "nomprov": "Santa Fe"
    },
    {
      "nomloc": "San Jorge",
      "nomprov": "Santa Fe"
    },
    {
      "nomloc": "San Martín de las Escobas",
      "nomprov": "Santa Fe"
    },
    {
      "nomloc": "Sastre",
      "nomprov": "Santa Fe"
    },
    {
      "nomloc": "Vera",
      "nomprov": "Santa Fe"
    },
    {
      "nomloc": "Villa General Mitre",
      "nomprov": "Santiago del Estero"
    },
    {
      "nomloc": "Campo Gallo",
      "nomprov": "Santiago del Estero"
    },
    {
      "nomloc": "Sachayoj",
      "nomprov": "Santiago del Estero"
    },
    {
      "nomloc": "Villa Atamisqui",
      "nomprov": "Santiago del Estero"
    },
    {
      "nomloc": "Colonia Dora",
      "nomprov": "Santiago del Estero"
    },
    {
      "nomloc": "La Banda",
      "nomprov": "Santiago del Estero"
    },
    {
      "nomloc": "Simbolar",
      "nomprov": "Santiago del Estero"
    },
    {
      "nomloc": "El Zanjón",
      "nomprov": "Santiago del Estero"
    },
    {
      "nomloc": "Frías",
      "nomprov": "Santiago del Estero"
    },
    {
      "nomloc": "Añatuya",
      "nomprov": "Santiago del Estero"
    },
    {
      "nomloc": "Los Juríes",
      "nomprov": "Santiago del Estero"
    },
    {
      "nomloc": "Santiago del Estero",
      "nomprov": "Santiago del Estero"
    },
    {
      "nomloc": "Monte Quemado",
      "nomprov": "Santiago del Estero"
    },
    {
      "nomloc": "Pozo Hondo",
      "nomprov": "Santiago del Estero"
    },
    {
      "nomloc": "Suncho Corral",
      "nomprov": "Santiago del Estero"
    },
    {
      "nomloc": "Villa San Martín (Est. Loreto)",
      "nomprov": "Santiago del Estero"
    },
    {
      "nomloc": "Quimili",
      "nomprov": "Santiago del Estero"
    },
    {
      "nomloc": "Tintina",
      "nomprov": "Santiago del Estero"
    },
    {
      "nomloc": "Sol de Julio",
      "nomprov": "Santiago del Estero"
    },
    {
      "nomloc": "Villa Ojo de Agua",
      "nomprov": "Santiago del Estero"
    },
    {
      "nomloc": "Nueva Esperanza",
      "nomprov": "Santiago del Estero"
    },
    {
      "nomloc": "Sumampa",
      "nomprov": "Santiago del Estero"
    },
    {
      "nomloc": "Colonia El Simbolar",
      "nomprov": "Santiago del Estero"
    },
    {
      "nomloc": "Termas de Río Hondo",
      "nomprov": "Santiago del Estero"
    },
    {
      "nomloc": "Selva",
      "nomprov": "Santiago del Estero"
    },
    {
      "nomloc": "Beltrán",
      "nomprov": "Santiago del Estero"
    },
    {
      "nomloc": "Fernández",
      "nomprov": "Santiago del Estero"
    },
    {
      "nomloc": "Ingeniero Forres",
      "nomprov": "Santiago del Estero"
    },
    {
      "nomloc": "Los Telares",
      "nomprov": "Santiago del Estero"
    },
    {
      "nomloc": "Garza",
      "nomprov": "Santiago del Estero"
    },
    {
      "nomloc": "El Chañar",
      "nomprov": "Tucumán"
    },
    {
      "nomloc": "Garmendia",
      "nomprov": "Tucumán"
    },
    {
      "nomloc": "Villa Burruyacú",
      "nomprov": "Tucumán"
    },
    {
      "nomloc": "Alderetes",
      "nomprov": "Tucumán"
    },
    {
      "nomloc": "Ranchillos",
      "nomprov": "Tucumán"
    },
    {
      "nomloc": "Banda del Río Salí",
      "nomprov": "Tucumán"
    },
    {
      "nomloc": "Colombres",
      "nomprov": "Tucumán"
    },
    {
      "nomloc": "Delfín Gallo",
      "nomprov": "Tucumán"
    },
    {
      "nomloc": "La Florida",
      "nomprov": "Tucumán"
    },
    {
      "nomloc": "Los Ralos",
      "nomprov": "Tucumán"
    },
    {
      "nomloc": "San Andrés",
      "nomprov": "Tucumán"
    },
    {
      "nomloc": "Alto Verde",
      "nomprov": "Tucumán"
    },
    {
      "nomloc": "Arcadia",
      "nomprov": "Tucumán"
    },
    {
      "nomloc": "Barrio San Roque",
      "nomprov": "Tucumán"
    },
    {
      "nomloc": "Medina",
      "nomprov": "Tucumán"
    },
    {
      "nomloc": "Concepción",
      "nomprov": "Tucumán"
    },
    {
      "nomloc": "La Trinidad",
      "nomprov": "Tucumán"
    },
    {
      "nomloc": "Famaillá",
      "nomprov": "Tucumán"
    },
    {
      "nomloc": "Graneros",
      "nomprov": "Tucumán"
    },
    {
      "nomloc": "Lamadrid",
      "nomprov": "Tucumán"
    },
    {
      "nomloc": "Juan Bautista Alberdi",
      "nomprov": "Tucumán"
    },
    {
      "nomloc": "La Cocha",
      "nomprov": "Tucumán"
    },
    {
      "nomloc": "Pueblo Independencia",
      "nomprov": "Tucumán"
    },
    {
      "nomloc": "Bella Vista",
      "nomprov": "Tucumán"
    },
    {
      "nomloc": "Villa Fiad - Ingenio Leales",
      "nomprov": "Tucumán"
    },
    {
      "nomloc": "Barrio San Felipe",
      "nomprov": "Tucumán"
    },
    {
      "nomloc": "El Manantial",
      "nomprov": "Tucumán"
    },
    {
      "nomloc": "Río Seco",
      "nomprov": "Tucumán"
    },
    {
      "nomloc": "Santa Lucía",
      "nomprov": "Tucumán"
    },
    {
      "nomloc": "Ingenio San Pablo",
      "nomprov": "Tucumán"
    },
    {
      "nomloc": "La Reducción",
      "nomprov": "Tucumán"
    },
    {
      "nomloc": "Lules",
      "nomprov": "Tucumán"
    },
    {
      "nomloc": "Acheral",
      "nomprov": "Tucumán"
    },
    {
      "nomloc": "Villa Quinteros",
      "nomprov": "Tucumán"
    },
    {
      "nomloc": "Aguilares",
      "nomprov": "Tucumán"
    },
    {
      "nomloc": "Monteros",
      "nomprov": "Tucumán"
    },
    {
      "nomloc": "Rio Grande",
      "nomprov": "Tierra del Fuego, Antártida e Islas del Atlántico Sur"
    },
    {
      "nomloc": "USHUAIA",
      "nomprov": "Tierra del Fuego, Antártida e Islas del Atlántico Sur"
    },
    {
      "nomloc": "Los Sarmientos",
      "nomprov": "Tucumán"
    },
    {
      "nomloc": "Santa Ana",
      "nomprov": "Tucumán"
    },
    {
      "nomloc": "San Miguel de Tucumán",
      "nomprov": "Tucumán"
    },
    {
      "nomloc": "Simoca",
      "nomprov": "Tucumán"
    },
    {
      "nomloc": "Tafí del Valle",
      "nomprov": "Tucumán"
    },
    {
      "nomloc": "Diagonal Norte - Luz y Fuerza - Los Pocitos - Villa Nueva Italia",
      "nomprov": "Tucumán"
    },
    {
      "nomloc": "Tafí Viejo",
      "nomprov": "Tucumán"
    },
    {
      "nomloc": "Villa Mariano Moreno - El Colmenar",
      "nomprov": "Tucumán"
    },
    {
      "nomloc": "Ciudad Autónoma de Buenos Aires",
      "nomprov": "Ciudad Autónoma de Buenos Aires"
    },
    {
      "nomloc": "San Pedro de Colalao",
      "nomprov": "Tucumán"
    },
    {
      "nomloc": "Villa de Trancas",
      "nomprov": "Tucumán"
    },
    {
      "nomloc": "Barrio San José III",
      "nomprov": "Tucumán"
    },
    {
      "nomloc": "Villa Carmela",
      "nomprov": "Tucumán"
    },
    {
      "nomloc": "Yerba Buena - Marcos Paz",
      "nomprov": "Tucumán"
    },
    {
      "nomloc": "Ciudad Autónoma de Buenos Aires",
      "nomprov": "Ciudad Autónoma de Buenos Aires"
    },
    {
      "nomloc": "Tolhuin",
      "nomprov": "Tierra del Fuego, Antártida e Islas del Atlántico Sur"
    },
    {
      "nomloc": "Ciudad Autónoma de Buenos Aires",
      "nomprov": "Ciudad Autónoma de Buenos Aires"
    },
    {
      "nomloc": "Ciudad Autónoma de Buenos Aires",
      "nomprov": "Ciudad Autónoma de Buenos Aires"
    },
    {
      "nomloc": "Ciudad Autónoma de Buenos Aires",
      "nomprov": "Ciudad Autónoma de Buenos Aires"
    },
    {
      "nomloc": "Ciudad Autónoma de Buenos Aires",
      "nomprov": "Ciudad Autónoma de Buenos Aires"
    },
    {
      "nomloc": "Ciudad Autónoma de Buenos Aires",
      "nomprov": "Ciudad Autónoma de Buenos Aires"
    },
    {
      "nomloc": "Ciudad Autónoma de Buenos Aires",
      "nomprov": "Ciudad Autónoma de Buenos Aires"
    },
    {
      "nomloc": "Ciudad Autónoma de Buenos Aires",
      "nomprov": "Ciudad Autónoma de Buenos Aires"
    },
    {
      "nomloc": "Ciudad Autónoma de Buenos Aires",
      "nomprov": "Ciudad Autónoma de Buenos Aires"
    },
    {
      "nomloc": "Lezama",
      "nomprov": "Buenos Aires"
    },
    {
      "nomloc": "San José de los Cerrillos",
      "nomprov": "Salta"
    },
    {
      "nomloc": "La Rancherita",
      "nomprov": "Córdoba"
    },
    {
      "nomloc": "Las Chacras",
      "nomprov": "Córdoba"
    }
  ]
}